productId,openlmisAttribute,dhis2DeId,dhis2CocId,datasetId
c5519235-6716-4442-a670-d0a0f890c772,beginningBalance,jlRZE5tTARe,GSCwhT2SCCr,DxDuYrrZSa7
c0047dc9-0492-4e4b-913c-4dac916a6d75,beginningBalance,bdy45DCTJLB,GSCwhT2SCCr,DxDuYrrZSa7
39b06b6c-9b22-4b35-b0c2-84ecd4a42cb3,beginningBalance,Xt48UQAZppa,GSCwhT2SCCr,DxDuYrrZSa7
ffbbef24-e503-42c3-be4c-deb5de04a888,beginningBalance,ccpDQ5umc0a,GSCwhT2SCCr,DxDuYrrZSa7
01265798-0853-4050-9510-8d8a15912cda,beginningBalance,pScfYi2Qxop,GSCwhT2SCCr,DxDuYrrZSa7
9752ca3e-e103-4f6e-92d8-13151a9afc02,beginningBalance,imqSmhfQTPN,GSCwhT2SCCr,DxDuYrrZSa7
b28ba608-2122-4c27-a29f-8500d06addaa,beginningBalance,hgjnpRWXunB,GSCwhT2SCCr,DxDuYrrZSa7
ea3626a0-bfae-4825-a644-2572972c3c42,beginningBalance,fHyOLs6mPEr,GSCwhT2SCCr,DxDuYrrZSa7
fe793304-82b8-4b1c-ad06-67c701425c58,beginningBalance,FVJ2v5RgBgL,GSCwhT2SCCr,DxDuYrrZSa7
f9a1414e-0f16-4af5-9f93-2bd620d033f4,beginningBalance,b0f8cOW1CFV,GSCwhT2SCCr,DxDuYrrZSa7
b79626ae-2f44-4d47-8732-d00c35fd78a8,beginningBalance,c5nKAODeM8D,GSCwhT2SCCr,DxDuYrrZSa7
f156f92b-ebca-4838-ae6e-9e6227fa64ef,beginningBalance,PLjvTAvttMR,GSCwhT2SCCr,DxDuYrrZSa7
c5bbd08f-32d1-4cac-90ef-db1fe0bee6a3,beginningBalance,EwiHKw8P2xz,GSCwhT2SCCr,DxDuYrrZSa7
2961203c-485c-44e8-ab09-621331872294,beginningBalance,S007ecRnpvZ,GSCwhT2SCCr,DxDuYrrZSa7
cfe9fefc-0f0d-4962-902e-24f2a3806114,beginningBalance,cbuwM5uOq3O,GSCwhT2SCCr,DxDuYrrZSa7
6c118552-e18e-4c3c-bef2-eb5ad4de8838,beginningBalance,eKHjiGzfBep,GSCwhT2SCCr,DxDuYrrZSa7
f747e43b-8f37-4063-b78c-a66daabc62a9,beginningBalance,PlYGakAhqbk,GSCwhT2SCCr,DxDuYrrZSa7
0cc5934c-d942-4657-a939-4b7f78802047,beginningBalance,vtqAD1gqMxx,GSCwhT2SCCr,DxDuYrrZSa7
2765ec14-f97a-41cc-9990-1279c98a262b,beginningBalance,LQxR2T7YYVM,GSCwhT2SCCr,DxDuYrrZSa7
f42f2d6e-d3da-4469-b56a-591b217a84cd,beginningBalance,jvFtLjaSC0R,GSCwhT2SCCr,DxDuYrrZSa7
f71803c5-69d0-429c-b22b-fe46635a39ca,beginningBalance,xJuZlcxA1XG,GSCwhT2SCCr,DxDuYrrZSa7
09cf2c84-1459-42dd-874c-aa9918b81565,beginningBalance,twpuhOg9Ira,GSCwhT2SCCr,DxDuYrrZSa7
f394a1d3-3cdf-456c-af41-471947d09e78,beginningBalance,eKGFyjTBgP9,GSCwhT2SCCr,DxDuYrrZSa7
ea9cdeba-38d3-45be-a8f5-9245e2f7e91c,beginningBalance,KfRIpuUPX2p,GSCwhT2SCCr,DxDuYrrZSa7
3a891538-d39c-4b3b-a745-e27021efdaaa,beginningBalance,tctjQSqVB8P,GSCwhT2SCCr,DxDuYrrZSa7
33b5a6e1-9bb8-40e7-a1b3-12a2f129b664,beginningBalance,RN0FYO4OS95,GSCwhT2SCCr,DxDuYrrZSa7
0086627d-55bf-4ac6-94e2-2cbf052a41fa,beginningBalance,mJLlwex1JGF,GSCwhT2SCCr,DxDuYrrZSa7
0a3e1fae-d6e9-4c3f-b572-e4dfff9cdecb,beginningBalance,vWAvCqLn24n,GSCwhT2SCCr,DxDuYrrZSa7
8a9b5050-cb9b-441d-8c30-1b48bbeb1d4a,beginningBalance,b3kUbo6E2q6,GSCwhT2SCCr,DxDuYrrZSa7
75e005d0-ce90-4c20-9a63-be6c0faa203e,beginningBalance,CT0tPGDsF4o,GSCwhT2SCCr,DxDuYrrZSa7
b1a4cc76-4008-49db-93a9-3714bb305df0,beginningBalance,ko2FXhgnabh,GSCwhT2SCCr,DxDuYrrZSa7
50934dfc-67e8-4f13-9df3-72068f3e0ab8,beginningBalance,lqPByIBN1Lp,GSCwhT2SCCr,DxDuYrrZSa7
41b2408f-11a5-4c90-83cc-ee383bea1323,beginningBalance,mr8INFePj2q,GSCwhT2SCCr,DxDuYrrZSa7
a7cbf500-1622-4bf4-8e1f-d6e6eacd5db5,beginningBalance,eGFtHZbwk31,GSCwhT2SCCr,DxDuYrrZSa7
f531a63f-0d6c-42f6-8bd0-f009eb960503,beginningBalance,p0h84uAEXjx,GSCwhT2SCCr,DxDuYrrZSa7
c7f3ee06-901f-4548-b337-c072171d7be0,beginningBalance,kwEcSIEbKoM,GSCwhT2SCCr,DxDuYrrZSa7
3dd102a7-de1d-4fbb-aad6-cdb834073835,beginningBalance,AnPyYySP3jM,GSCwhT2SCCr,DxDuYrrZSa7
b4303d18-bcef-45eb-8bdc-db9126ccec37,beginningBalance,YpzQA3Mw2xP,GSCwhT2SCCr,DxDuYrrZSa7
4640a020-e69d-4cb0-86bb-82865b8e581a,beginningBalance,A9M1dZz7QUo,GSCwhT2SCCr,DxDuYrrZSa7
a8c17381-ff53-4c4c-9724-7e873247912f,beginningBalance,e1XqFd3k4k5,GSCwhT2SCCr,DxDuYrrZSa7
c3d06d33-8137-4970-93b3-ecef9f2deb95,beginningBalance,icQhXFWfTkG,GSCwhT2SCCr,DxDuYrrZSa7
69871d4a-987f-4ca1-a46e-9f1c255ae5d1,beginningBalance,XuZzHmN5N1s,GSCwhT2SCCr,DxDuYrrZSa7
343b6097-8c7a-41b1-bb34-90012133333d,beginningBalance,DbQPYffPSq0,GSCwhT2SCCr,DxDuYrrZSa7
ba0171b2-4be1-432f-a3e1-9f85ca07ed77,beginningBalance,xL39i2CeSMb,GSCwhT2SCCr,DxDuYrrZSa7
94c2fd66-87cd-4502-800c-ef1c8efee08b,beginningBalance,qyhrW0147iw,GSCwhT2SCCr,DxDuYrrZSa7
3530f49d-f22a-4c46-853b-9957d68a86ec,beginningBalance,ACfUBNEFYQJ,GSCwhT2SCCr,DxDuYrrZSa7
aa00d1d4-94db-4425-8673-ded0d78344ff,beginningBalance,KUUtDEVMGJw,GSCwhT2SCCr,DxDuYrrZSa7
a3e78491-17c9-4cc7-939b-363a338884fa,beginningBalance,jbZZ3ZmeDjm,GSCwhT2SCCr,DxDuYrrZSa7
b4e59feb-bcce-4cc7-ac7e-787092a98516,beginningBalance,Kdxu1xznK83,GSCwhT2SCCr,DxDuYrrZSa7
8180c0ce-a47a-4a4d-ba65-dc3673588f74,beginningBalance,YjddPfs7Iy9,GSCwhT2SCCr,DxDuYrrZSa7
fa308958-46c9-4b19-966f-77feec67ee26,beginningBalance,y1hl8uXNQJV,GSCwhT2SCCr,DxDuYrrZSa7
e3455161-dac9-4073-a919-2f72c229a15a,beginningBalance,YgJ1xrW5POu,GSCwhT2SCCr,DxDuYrrZSa7
36c2ef29-dab5-4fdf-a605-fd8d8cd4d8a2,beginningBalance,egb78G6VjCX,GSCwhT2SCCr,DxDuYrrZSa7
57472c1e-9ffc-4482-856d-92ada32f47e0,beginningBalance,Ln4BoDbYTYZ,GSCwhT2SCCr,DxDuYrrZSa7
87ef365c-4e30-4aa0-8fd3-0f62dd4a316a,beginningBalance,mAmwBlqomL5,GSCwhT2SCCr,DxDuYrrZSa7
826a194c-4f19-4281-a693-73874499f110,beginningBalance,Y3S1cMb7X8O,GSCwhT2SCCr,DxDuYrrZSa7
05ad76c2-4ae0-46fa-90d5-6e5ffe8ef52c,beginningBalance,V77IwDUVTB6,GSCwhT2SCCr,DxDuYrrZSa7
b2dc5794-5c4c-428e-a0a3-b6db2f9a32da,beginningBalance,tIR2ajCyHGJ,GSCwhT2SCCr,DxDuYrrZSa7
afa6a229-4383-4381-9fac-4cb297ad323e,beginningBalance,beb3zMCHnkD,GSCwhT2SCCr,DxDuYrrZSa7
e1051bba-37ec-4afe-b298-85c653b492e2,beginningBalance,Mu6zoYBIRQy,GSCwhT2SCCr,DxDuYrrZSa7
cc9bea7e-8378-444f-ab93-460dd000c7dd,beginningBalance,tzlokM7gPDX,GSCwhT2SCCr,DxDuYrrZSa7
495fc9b0-f647-4421-9401-47831c12a1d8,beginningBalance,XYULRfqpFKi,GSCwhT2SCCr,DxDuYrrZSa7
4129df3a-cac8-404f-a71a-37649a7d5d30,beginningBalance,yfchsDmHtMv,GSCwhT2SCCr,DxDuYrrZSa7
7c43ff47-8689-422f-a71d-68e2999ee5dc,beginningBalance,uKwwGyVTrFn,GSCwhT2SCCr,DxDuYrrZSa7
fac46361-ab19-4be7-b201-142bec359e62,beginningBalance,ruk3AKr0K8B,GSCwhT2SCCr,DxDuYrrZSa7
7893d9f8-fbe1-479e-9972-4e7e0c032a3e,beginningBalance,TgPgAMLFfjR,GSCwhT2SCCr,DxDuYrrZSa7
f73905ba-a95c-4a97-bb68-bfd5ed2f3a53,beginningBalance,XXCRWxSOAgA,GSCwhT2SCCr,DxDuYrrZSa7
f51295a7-c8dd-4b93-b4ce-a0042a3c101a,beginningBalance,A4oK7ixDJTu,GSCwhT2SCCr,DxDuYrrZSa7
59e242ea-730f-4b2e-b24a-cffbea076990,beginningBalance,d65je1MB2I0,GSCwhT2SCCr,DxDuYrrZSa7
aa65c126-4c99-4f76-8aec-ff4814b44e80,beginningBalance,rsZ3hXUsNHC,GSCwhT2SCCr,DxDuYrrZSa7
0a2e50f8-4f5a-4581-b1d2-b2b7dc087916,beginningBalance,WSCKjPzE6so,GSCwhT2SCCr,DxDuYrrZSa7
875f8b31-f829-402e-916d-d01214f7945a,beginningBalance,k2ylMYExAqM,GSCwhT2SCCr,DxDuYrrZSa7
6afd7853-d9b0-40ff-ad5c-a7882689d6f3,beginningBalance,lMFDy7llcep,GSCwhT2SCCr,DxDuYrrZSa7
db045b7a-d65b-448b-aac8-acb16f072d66,beginningBalance,nNQnOhfEpiG,GSCwhT2SCCr,DxDuYrrZSa7
17c35f8b-9546-4666-b1f3-dd0418383de8,beginningBalance,LVN5Lu5X0m1,GSCwhT2SCCr,DxDuYrrZSa7
bc4f1e3b-0904-4bd7-b5a9-f89689b64811,beginningBalance,jVD7RV6f896,GSCwhT2SCCr,DxDuYrrZSa7
4d2fbf39-8d19-4e39-bde2-f21271ed2ec6,beginningBalance,itXOGlGrJNP,GSCwhT2SCCr,DxDuYrrZSa7
bcfe588b-3451-42c6-a388-03b63128b530,beginningBalance,G29c3GcpYme,GSCwhT2SCCr,DxDuYrrZSa7
8eb18654-8bdc-4331-b3a2-2dfeb8b28c18,beginningBalance,hqopu4sxaeK,GSCwhT2SCCr,DxDuYrrZSa7
5f9c8eed-517d-46e0-b53b-9846531943cf,beginningBalance,bwX3IqUoQHL,GSCwhT2SCCr,DxDuYrrZSa7
b38b055b-6282-4a74-9849-45675e4458e0,beginningBalance,aNjbOSHxbpj,GSCwhT2SCCr,DxDuYrrZSa7
807871bc-52aa-4dd5-b51b-5ff1fe30ad30,beginningBalance,I36TQdFr3x1,GSCwhT2SCCr,DxDuYrrZSa7
5ca657a6-00ac-4148-9164-7917b0999f89,beginningBalance,JGEvWwlIloq,GSCwhT2SCCr,DxDuYrrZSa7
36cb3dd3-e539-4e14-87ca-ce25701f8a73,beginningBalance,d55YUa4k7kH,GSCwhT2SCCr,DxDuYrrZSa7
94c43124-a790-4954-b2c5-f79ca2ca44b3,beginningBalance,zo527TlEpbc,GSCwhT2SCCr,DxDuYrrZSa7
fa522936-b4f8-470f-8bf4-56192418b696,beginningBalance,Hy09dFTtQ3v,GSCwhT2SCCr,DxDuYrrZSa7
63f27af8-87ba-4b5e-a159-dc238713a583,beginningBalance,WmVRa7uAnOE,GSCwhT2SCCr,DxDuYrrZSa7
d54475ad-0baa-4cc6-8948-91d54e616cab,beginningBalance,xAecDAa3k2M,GSCwhT2SCCr,DxDuYrrZSa7
b986466f-a443-4b7d-b39c-638146e5b871,beginningBalance,rya1A1zHwT0,GSCwhT2SCCr,DxDuYrrZSa7
4b43dbb3-2875-459e-a085-4112a8343cd2,beginningBalance,tfVZja6PU7c,GSCwhT2SCCr,DxDuYrrZSa7
99b856ec-ec37-4d41-9658-62d6665b06f5,beginningBalance,WncTyD8NJ83,GSCwhT2SCCr,DxDuYrrZSa7
94c0a6db-91ea-404b-84bc-23aa8fc17e5c,beginningBalance,Pnv4yZ5pxpn,GSCwhT2SCCr,DxDuYrrZSa7
453e8abd-d742-4019-b683-93d4d7d52c64,beginningBalance,gwV5ZPxRbWX,GSCwhT2SCCr,DxDuYrrZSa7
adee5752-4bce-4675-8b7a-a1119738a8f1,beginningBalance,jpdLlmeGHjg,GSCwhT2SCCr,DxDuYrrZSa7
0f93c177-fc95-494e-952e-fa9ac26fcd0b,beginningBalance,w6PgRUkjqf0,GSCwhT2SCCr,DxDuYrrZSa7
9ae92320-5d74-489e-ab28-42e9f44ceed8,beginningBalance,aYCoMwQ8pQb,GSCwhT2SCCr,DxDuYrrZSa7
fd179d0e-dcb5-4787-bee7-0f77769005f0,beginningBalance,Agq5SafoONb,GSCwhT2SCCr,DxDuYrrZSa7
b0479ba6-22a0-465d-829a-eeccdb7f5f26,beginningBalance,lpU2NxYSbPk,GSCwhT2SCCr,DxDuYrrZSa7
7709b45a-11af-4971-aef3-4adebd9bb9c6,beginningBalance,CcwuRMIdthJ,GSCwhT2SCCr,DxDuYrrZSa7
ba168d23-ef14-4168-b209-82fb02d7ba92,beginningBalance,ysKLQ9znmy0,GSCwhT2SCCr,DxDuYrrZSa7
8793c0b1-6756-446b-95a5-460d4d73fb16,beginningBalance,TO4ID1NMp3o,GSCwhT2SCCr,DxDuYrrZSa7
d50243b4-c422-47c5-be34-2b09aefc3dd9,beginningBalance,pCr02gNbL03,GSCwhT2SCCr,DxDuYrrZSa7
bb0c9374-0372-4e11-bff4-41f00dbe13c7,beginningBalance,mjqjrXPtYUe,GSCwhT2SCCr,DxDuYrrZSa7
a6c129f3-9e83-4574-8374-b0e70aad17bf,beginningBalance,piALFs9SNQA,GSCwhT2SCCr,DxDuYrrZSa7
b27c4f73-8409-4f67-ae66-f7bce1cd01c1,beginningBalance,bJ8gKNv3oid,GSCwhT2SCCr,DxDuYrrZSa7
d1a00384-cb41-48b7-8e40-8446c986dc8e,beginningBalance,T1S8fr4Iwy3,GSCwhT2SCCr,DxDuYrrZSa7
1b405d2a-70e0-4161-9d61-f2d9e4d97816,beginningBalance,QXrmE1kM0Uw,GSCwhT2SCCr,DxDuYrrZSa7
cf486e84-3908-4dfb-94af-acbb518f6e14,beginningBalance,cC5JcUHoFvs,GSCwhT2SCCr,DxDuYrrZSa7
05c8a7a3-8617-483f-9053-9ab490d02467,beginningBalance,Len0nCJSwOi,GSCwhT2SCCr,DxDuYrrZSa7
cf633506-2079-4f35-9980-4e47d6d77313,beginningBalance,eEXSdrocnTZ,GSCwhT2SCCr,DxDuYrrZSa7
b10c8747-52fe-44e9-8488-f417774e76df,beginningBalance,PhJGX31GrzS,GSCwhT2SCCr,DxDuYrrZSa7
9ba82825-22b2-48f4-93d0-78c0e4dcb8eb,beginningBalance,ND9NI4RgQhH,GSCwhT2SCCr,DxDuYrrZSa7
ddd0766c-2326-4e15-b597-308a44d5e5cf,beginningBalance,JGTbGVIdbLa,GSCwhT2SCCr,DxDuYrrZSa7
8b0d3617-0054-477c-93e0-69c07160b710,beginningBalance,NV1HJCMt15k,GSCwhT2SCCr,DxDuYrrZSa7
e6cb1c24-735e-43c8-9425-9e17a05d3afa,beginningBalance,QM875lSOHMG,GSCwhT2SCCr,DxDuYrrZSa7
afa6a229-4383-4381-9fac-4cb297ad323e,beginningBalance,txUucbxrp3i,GSCwhT2SCCr,DxDuYrrZSa7
b0479ba6-22a0-465d-829a-eeccdb7f5f26,beginningBalance,NmmVtrJgvDl,GSCwhT2SCCr,DxDuYrrZSa7
b77b5ba9-1cb8-4060-b96c-b9d5ac84abb7,beginningBalance,VIb4EV6bFPw,GSCwhT2SCCr,DxDuYrrZSa7
35d2de56-55b8-4b9f-ab7a-c7e44945a6cd,beginningBalance,pb7Auhe3FCA,GSCwhT2SCCr,DxDuYrrZSa7
a8189a55-dd0b-45fc-acc6-e935df898110,beginningBalance,rulOQHet835,GSCwhT2SCCr,DxDuYrrZSa7
07ddd033-ae4b-4445-b133-1d83a68f5f0d,beginningBalance,vujdbHpXnxh,GSCwhT2SCCr,DxDuYrrZSa7
3e64a1a6-d69b-4f28-84fb-7168bd957923,beginningBalance,J7ZNw87MSW0,GSCwhT2SCCr,DxDuYrrZSa7
31c9b395-30db-483a-8274-717ee88862fc,beginningBalance,qYHj9qCW0qG,GSCwhT2SCCr,DxDuYrrZSa7
cf0da758-9d0d-492b-8ca2-bc95aad61049,beginningBalance,EsgD17Pbytt,GSCwhT2SCCr,DxDuYrrZSa7
893ce509-2e68-4520-9351-76bfacbdf13a,beginningBalance,jJD5Vi4bSoy,GSCwhT2SCCr,DxDuYrrZSa7
cae8b086-d96c-4c8c-8e87-0d3322dc9cf3,beginningBalance,EFxWCVBtgyq,GSCwhT2SCCr,DxDuYrrZSa7
a8c17381-ff53-4c4c-9724-7e873247912f,beginningBalance,soSNQPgOi8U,GSCwhT2SCCr,DxDuYrrZSa7
c3d06d33-8137-4970-93b3-ecef9f2deb95,beginningBalance,oEOLpy7U05N,GSCwhT2SCCr,DxDuYrrZSa7
fd179d0e-dcb5-4787-bee7-0f77769005f0,beginningBalance,KUSaRpSjLjJ,GSCwhT2SCCr,DxDuYrrZSa7
9fc1408c-46b3-4125-8f2e-15526f559ce2,beginningBalance,l1bhrYUPsde,GSCwhT2SCCr,DxDuYrrZSa7
69f4c896-d62a-47ac-8a5d-110ee4b8a7fa,beginningBalance,laQa8YfpVrp,GSCwhT2SCCr,DxDuYrrZSa7
5dc66657-39bd-459d-b9cd-1111338dc58b,beginningBalance,BCXcLiQNI8M,GSCwhT2SCCr,DxDuYrrZSa7
40c54daa-a7a9-493f-9eff-0c4dd016c392,beginningBalance,IisI6JudbS8,GSCwhT2SCCr,DxDuYrrZSa7
28d889b3-001e-4183-b75f-50bca4e1f094,beginningBalance,uAWIVDnGPGH,GSCwhT2SCCr,DxDuYrrZSa7
4b5d845f-6642-4ddf-824d-66fbadd89bcb,beginningBalance,hqqlXMmY95c,GSCwhT2SCCr,DxDuYrrZSa7
849bbed7-42c7-4e3f-997b-3120d879b291,beginningBalance,MJrLCya7qzt,GSCwhT2SCCr,DxDuYrrZSa7
3926eebb-266a-4b00-bdbc-48030508c182,beginningBalance,Hjlw6DpooIo,GSCwhT2SCCr,DxDuYrrZSa7
0df75062-68b1-4234-9d28-d903562a66bd,beginningBalance,nnSKbBscmxH,GSCwhT2SCCr,DxDuYrrZSa7
cead0772-8c4d-4fea-a7bc-802fe5637706,beginningBalance,vrTdwvAQSUc,GSCwhT2SCCr,DxDuYrrZSa7
e0370fac-2c42-47b2-b724-114ae4344904,beginningBalance,fQfJhi742vt,GSCwhT2SCCr,DxDuYrrZSa7
27a2aeba-54e0-4a60-b9b5-a2ff4d994fcf,beginningBalance,iFMn6ceqdIN,GSCwhT2SCCr,DxDuYrrZSa7
aa65c126-4c99-4f76-8aec-ff4814b44e80,beginningBalance,bwUoJJgDst9,GSCwhT2SCCr,DxDuYrrZSa7
0a2e50f8-4f5a-4581-b1d2-b2b7dc087916,beginningBalance,blfdHcia9nP,GSCwhT2SCCr,DxDuYrrZSa7
0df75062-68b1-4234-9d28-d903562a66bd,beginningBalance,bqJvWJtJwtK,GSCwhT2SCCr,DxDuYrrZSa7
28d889b3-001e-4183-b75f-50bca4e1f094,beginningBalance,DNZEo533IMh,GSCwhT2SCCr,DxDuYrrZSa7
f8de979f-673a-48c1-b32a-4fdc501be96e,beginningBalance,LcjS6ASCqUb,GSCwhT2SCCr,DxDuYrrZSa7
875f8b31-f829-402e-916d-d01214f7945a,beginningBalance,ZMcyV45XAkW,GSCwhT2SCCr,DxDuYrrZSa7
36162771-26fd-471c-b5d0-cab4fcfd17a1,beginningBalance,gzPW3f2ijo5,GSCwhT2SCCr,DxDuYrrZSa7
f42f2d6e-d3da-4469-b56a-591b217a84cd,beginningBalance,tmp1zLSXw0Q,GSCwhT2SCCr,DxDuYrrZSa7
af021dd7-c70d-4847-af04-57c19d1dd81d,beginningBalance,jJUIodWQH0T,GSCwhT2SCCr,DxDuYrrZSa7
f70d12f7-1622-47c7-9cf7-bf2634059c3b,beginningBalance,RYaAzE1eqya,GSCwhT2SCCr,DxDuYrrZSa7
d9f5a79a-2046-4865-873c-7161afa829d0,beginningBalance,BfoCv6bUeBk,GSCwhT2SCCr,DxDuYrrZSa7
e465fccc-61e0-4a58-b0a6-5c7dd979e126,beginningBalance,K8Yt0p1z21M,GSCwhT2SCCr,DxDuYrrZSa7
c5519235-6716-4442-a670-d0a0f890c772,quantityReceived,jlRZE5tTARe,WZwmzIuRvwV,DxDuYrrZSa7
c0047dc9-0492-4e4b-913c-4dac916a6d75,quantityReceived,bdy45DCTJLB,WZwmzIuRvwV,DxDuYrrZSa7
39b06b6c-9b22-4b35-b0c2-84ecd4a42cb3,quantityReceived,Xt48UQAZppa,WZwmzIuRvwV,DxDuYrrZSa7
ffbbef24-e503-42c3-be4c-deb5de04a888,quantityReceived,ccpDQ5umc0a,WZwmzIuRvwV,DxDuYrrZSa7
01265798-0853-4050-9510-8d8a15912cda,quantityReceived,pScfYi2Qxop,WZwmzIuRvwV,DxDuYrrZSa7
9752ca3e-e103-4f6e-92d8-13151a9afc02,quantityReceived,imqSmhfQTPN,WZwmzIuRvwV,DxDuYrrZSa7
b28ba608-2122-4c27-a29f-8500d06addaa,quantityReceived,hgjnpRWXunB,WZwmzIuRvwV,DxDuYrrZSa7
ea3626a0-bfae-4825-a644-2572972c3c42,quantityReceived,fHyOLs6mPEr,WZwmzIuRvwV,DxDuYrrZSa7
fe793304-82b8-4b1c-ad06-67c701425c58,quantityReceived,FVJ2v5RgBgL,WZwmzIuRvwV,DxDuYrrZSa7
f9a1414e-0f16-4af5-9f93-2bd620d033f4,quantityReceived,b0f8cOW1CFV,WZwmzIuRvwV,DxDuYrrZSa7
b79626ae-2f44-4d47-8732-d00c35fd78a8,quantityReceived,c5nKAODeM8D,WZwmzIuRvwV,DxDuYrrZSa7
f156f92b-ebca-4838-ae6e-9e6227fa64ef,quantityReceived,PLjvTAvttMR,WZwmzIuRvwV,DxDuYrrZSa7
c5bbd08f-32d1-4cac-90ef-db1fe0bee6a3,quantityReceived,EwiHKw8P2xz,WZwmzIuRvwV,DxDuYrrZSa7
2961203c-485c-44e8-ab09-621331872294,quantityReceived,S007ecRnpvZ,WZwmzIuRvwV,DxDuYrrZSa7
cfe9fefc-0f0d-4962-902e-24f2a3806114,quantityReceived,cbuwM5uOq3O,WZwmzIuRvwV,DxDuYrrZSa7
6c118552-e18e-4c3c-bef2-eb5ad4de8838,quantityReceived,eKHjiGzfBep,WZwmzIuRvwV,DxDuYrrZSa7
f747e43b-8f37-4063-b78c-a66daabc62a9,quantityReceived,PlYGakAhqbk,WZwmzIuRvwV,DxDuYrrZSa7
0cc5934c-d942-4657-a939-4b7f78802047,quantityReceived,vtqAD1gqMxx,WZwmzIuRvwV,DxDuYrrZSa7
2765ec14-f97a-41cc-9990-1279c98a262b,quantityReceived,LQxR2T7YYVM,WZwmzIuRvwV,DxDuYrrZSa7
f42f2d6e-d3da-4469-b56a-591b217a84cd,quantityReceived,jvFtLjaSC0R,WZwmzIuRvwV,DxDuYrrZSa7
f71803c5-69d0-429c-b22b-fe46635a39ca,quantityReceived,xJuZlcxA1XG,WZwmzIuRvwV,DxDuYrrZSa7
09cf2c84-1459-42dd-874c-aa9918b81565,quantityReceived,twpuhOg9Ira,WZwmzIuRvwV,DxDuYrrZSa7
f394a1d3-3cdf-456c-af41-471947d09e78,quantityReceived,eKGFyjTBgP9,WZwmzIuRvwV,DxDuYrrZSa7
ea9cdeba-38d3-45be-a8f5-9245e2f7e91c,quantityReceived,KfRIpuUPX2p,WZwmzIuRvwV,DxDuYrrZSa7
3a891538-d39c-4b3b-a745-e27021efdaaa,quantityReceived,tctjQSqVB8P,WZwmzIuRvwV,DxDuYrrZSa7
33b5a6e1-9bb8-40e7-a1b3-12a2f129b664,quantityReceived,RN0FYO4OS95,WZwmzIuRvwV,DxDuYrrZSa7
0086627d-55bf-4ac6-94e2-2cbf052a41fa,quantityReceived,mJLlwex1JGF,WZwmzIuRvwV,DxDuYrrZSa7
0a3e1fae-d6e9-4c3f-b572-e4dfff9cdecb,quantityReceived,vWAvCqLn24n,WZwmzIuRvwV,DxDuYrrZSa7
8a9b5050-cb9b-441d-8c30-1b48bbeb1d4a,quantityReceived,b3kUbo6E2q6,WZwmzIuRvwV,DxDuYrrZSa7
75e005d0-ce90-4c20-9a63-be6c0faa203e,quantityReceived,CT0tPGDsF4o,WZwmzIuRvwV,DxDuYrrZSa7
b1a4cc76-4008-49db-93a9-3714bb305df0,quantityReceived,ko2FXhgnabh,WZwmzIuRvwV,DxDuYrrZSa7
50934dfc-67e8-4f13-9df3-72068f3e0ab8,quantityReceived,lqPByIBN1Lp,WZwmzIuRvwV,DxDuYrrZSa7
41b2408f-11a5-4c90-83cc-ee383bea1323,quantityReceived,mr8INFePj2q,WZwmzIuRvwV,DxDuYrrZSa7
a7cbf500-1622-4bf4-8e1f-d6e6eacd5db5,quantityReceived,eGFtHZbwk31,WZwmzIuRvwV,DxDuYrrZSa7
f531a63f-0d6c-42f6-8bd0-f009eb960503,quantityReceived,p0h84uAEXjx,WZwmzIuRvwV,DxDuYrrZSa7
c7f3ee06-901f-4548-b337-c072171d7be0,quantityReceived,kwEcSIEbKoM,WZwmzIuRvwV,DxDuYrrZSa7
3dd102a7-de1d-4fbb-aad6-cdb834073835,quantityReceived,AnPyYySP3jM,WZwmzIuRvwV,DxDuYrrZSa7
b4303d18-bcef-45eb-8bdc-db9126ccec37,quantityReceived,YpzQA3Mw2xP,WZwmzIuRvwV,DxDuYrrZSa7
4640a020-e69d-4cb0-86bb-82865b8e581a,quantityReceived,A9M1dZz7QUo,WZwmzIuRvwV,DxDuYrrZSa7
a8c17381-ff53-4c4c-9724-7e873247912f,quantityReceived,e1XqFd3k4k5,WZwmzIuRvwV,DxDuYrrZSa7
c3d06d33-8137-4970-93b3-ecef9f2deb95,quantityReceived,icQhXFWfTkG,WZwmzIuRvwV,DxDuYrrZSa7
69871d4a-987f-4ca1-a46e-9f1c255ae5d1,quantityReceived,XuZzHmN5N1s,WZwmzIuRvwV,DxDuYrrZSa7
343b6097-8c7a-41b1-bb34-90012133333d,quantityReceived,DbQPYffPSq0,WZwmzIuRvwV,DxDuYrrZSa7
ba0171b2-4be1-432f-a3e1-9f85ca07ed77,quantityReceived,xL39i2CeSMb,WZwmzIuRvwV,DxDuYrrZSa7
94c2fd66-87cd-4502-800c-ef1c8efee08b,quantityReceived,qyhrW0147iw,WZwmzIuRvwV,DxDuYrrZSa7
3530f49d-f22a-4c46-853b-9957d68a86ec,quantityReceived,ACfUBNEFYQJ,WZwmzIuRvwV,DxDuYrrZSa7
aa00d1d4-94db-4425-8673-ded0d78344ff,quantityReceived,KUUtDEVMGJw,WZwmzIuRvwV,DxDuYrrZSa7
a3e78491-17c9-4cc7-939b-363a338884fa,quantityReceived,jbZZ3ZmeDjm,WZwmzIuRvwV,DxDuYrrZSa7
b4e59feb-bcce-4cc7-ac7e-787092a98516,quantityReceived,Kdxu1xznK83,WZwmzIuRvwV,DxDuYrrZSa7
8180c0ce-a47a-4a4d-ba65-dc3673588f74,quantityReceived,YjddPfs7Iy9,WZwmzIuRvwV,DxDuYrrZSa7
fa308958-46c9-4b19-966f-77feec67ee26,quantityReceived,y1hl8uXNQJV,WZwmzIuRvwV,DxDuYrrZSa7
e3455161-dac9-4073-a919-2f72c229a15a,quantityReceived,YgJ1xrW5POu,WZwmzIuRvwV,DxDuYrrZSa7
36c2ef29-dab5-4fdf-a605-fd8d8cd4d8a2,quantityReceived,egb78G6VjCX,WZwmzIuRvwV,DxDuYrrZSa7
57472c1e-9ffc-4482-856d-92ada32f47e0,quantityReceived,Ln4BoDbYTYZ,WZwmzIuRvwV,DxDuYrrZSa7
87ef365c-4e30-4aa0-8fd3-0f62dd4a316a,quantityReceived,mAmwBlqomL5,WZwmzIuRvwV,DxDuYrrZSa7
826a194c-4f19-4281-a693-73874499f110,quantityReceived,Y3S1cMb7X8O,WZwmzIuRvwV,DxDuYrrZSa7
05ad76c2-4ae0-46fa-90d5-6e5ffe8ef52c,quantityReceived,V77IwDUVTB6,WZwmzIuRvwV,DxDuYrrZSa7
b2dc5794-5c4c-428e-a0a3-b6db2f9a32da,quantityReceived,tIR2ajCyHGJ,WZwmzIuRvwV,DxDuYrrZSa7
afa6a229-4383-4381-9fac-4cb297ad323e,quantityReceived,beb3zMCHnkD,WZwmzIuRvwV,DxDuYrrZSa7
e1051bba-37ec-4afe-b298-85c653b492e2,quantityReceived,Mu6zoYBIRQy,WZwmzIuRvwV,DxDuYrrZSa7
cc9bea7e-8378-444f-ab93-460dd000c7dd,quantityReceived,tzlokM7gPDX,WZwmzIuRvwV,DxDuYrrZSa7
495fc9b0-f647-4421-9401-47831c12a1d8,quantityReceived,XYULRfqpFKi,WZwmzIuRvwV,DxDuYrrZSa7
4129df3a-cac8-404f-a71a-37649a7d5d30,quantityReceived,yfchsDmHtMv,WZwmzIuRvwV,DxDuYrrZSa7
7c43ff47-8689-422f-a71d-68e2999ee5dc,quantityReceived,uKwwGyVTrFn,WZwmzIuRvwV,DxDuYrrZSa7
fac46361-ab19-4be7-b201-142bec359e62,quantityReceived,ruk3AKr0K8B,WZwmzIuRvwV,DxDuYrrZSa7
7893d9f8-fbe1-479e-9972-4e7e0c032a3e,quantityReceived,TgPgAMLFfjR,WZwmzIuRvwV,DxDuYrrZSa7
f73905ba-a95c-4a97-bb68-bfd5ed2f3a53,quantityReceived,XXCRWxSOAgA,WZwmzIuRvwV,DxDuYrrZSa7
f51295a7-c8dd-4b93-b4ce-a0042a3c101a,quantityReceived,A4oK7ixDJTu,WZwmzIuRvwV,DxDuYrrZSa7
59e242ea-730f-4b2e-b24a-cffbea076990,quantityReceived,d65je1MB2I0,WZwmzIuRvwV,DxDuYrrZSa7
aa65c126-4c99-4f76-8aec-ff4814b44e80,quantityReceived,rsZ3hXUsNHC,WZwmzIuRvwV,DxDuYrrZSa7
0a2e50f8-4f5a-4581-b1d2-b2b7dc087916,quantityReceived,WSCKjPzE6so,WZwmzIuRvwV,DxDuYrrZSa7
875f8b31-f829-402e-916d-d01214f7945a,quantityReceived,k2ylMYExAqM,WZwmzIuRvwV,DxDuYrrZSa7
6afd7853-d9b0-40ff-ad5c-a7882689d6f3,quantityReceived,lMFDy7llcep,WZwmzIuRvwV,DxDuYrrZSa7
db045b7a-d65b-448b-aac8-acb16f072d66,quantityReceived,nNQnOhfEpiG,WZwmzIuRvwV,DxDuYrrZSa7
17c35f8b-9546-4666-b1f3-dd0418383de8,quantityReceived,LVN5Lu5X0m1,WZwmzIuRvwV,DxDuYrrZSa7
bc4f1e3b-0904-4bd7-b5a9-f89689b64811,quantityReceived,jVD7RV6f896,WZwmzIuRvwV,DxDuYrrZSa7
4d2fbf39-8d19-4e39-bde2-f21271ed2ec6,quantityReceived,itXOGlGrJNP,WZwmzIuRvwV,DxDuYrrZSa7
bcfe588b-3451-42c6-a388-03b63128b530,quantityReceived,G29c3GcpYme,WZwmzIuRvwV,DxDuYrrZSa7
8eb18654-8bdc-4331-b3a2-2dfeb8b28c18,quantityReceived,hqopu4sxaeK,WZwmzIuRvwV,DxDuYrrZSa7
5f9c8eed-517d-46e0-b53b-9846531943cf,quantityReceived,bwX3IqUoQHL,WZwmzIuRvwV,DxDuYrrZSa7
b38b055b-6282-4a74-9849-45675e4458e0,quantityReceived,aNjbOSHxbpj,WZwmzIuRvwV,DxDuYrrZSa7
807871bc-52aa-4dd5-b51b-5ff1fe30ad30,quantityReceived,I36TQdFr3x1,WZwmzIuRvwV,DxDuYrrZSa7
5ca657a6-00ac-4148-9164-7917b0999f89,quantityReceived,JGEvWwlIloq,WZwmzIuRvwV,DxDuYrrZSa7
36cb3dd3-e539-4e14-87ca-ce25701f8a73,quantityReceived,d55YUa4k7kH,WZwmzIuRvwV,DxDuYrrZSa7
94c43124-a790-4954-b2c5-f79ca2ca44b3,quantityReceived,zo527TlEpbc,WZwmzIuRvwV,DxDuYrrZSa7
fa522936-b4f8-470f-8bf4-56192418b696,quantityReceived,Hy09dFTtQ3v,WZwmzIuRvwV,DxDuYrrZSa7
63f27af8-87ba-4b5e-a159-dc238713a583,quantityReceived,WmVRa7uAnOE,WZwmzIuRvwV,DxDuYrrZSa7
d54475ad-0baa-4cc6-8948-91d54e616cab,quantityReceived,xAecDAa3k2M,WZwmzIuRvwV,DxDuYrrZSa7
b986466f-a443-4b7d-b39c-638146e5b871,quantityReceived,rya1A1zHwT0,WZwmzIuRvwV,DxDuYrrZSa7
4b43dbb3-2875-459e-a085-4112a8343cd2,quantityReceived,tfVZja6PU7c,WZwmzIuRvwV,DxDuYrrZSa7
99b856ec-ec37-4d41-9658-62d6665b06f5,quantityReceived,WncTyD8NJ83,WZwmzIuRvwV,DxDuYrrZSa7
94c0a6db-91ea-404b-84bc-23aa8fc17e5c,quantityReceived,Pnv4yZ5pxpn,WZwmzIuRvwV,DxDuYrrZSa7
453e8abd-d742-4019-b683-93d4d7d52c64,quantityReceived,gwV5ZPxRbWX,WZwmzIuRvwV,DxDuYrrZSa7
adee5752-4bce-4675-8b7a-a1119738a8f1,quantityReceived,jpdLlmeGHjg,WZwmzIuRvwV,DxDuYrrZSa7
0f93c177-fc95-494e-952e-fa9ac26fcd0b,quantityReceived,w6PgRUkjqf0,WZwmzIuRvwV,DxDuYrrZSa7
9ae92320-5d74-489e-ab28-42e9f44ceed8,quantityReceived,aYCoMwQ8pQb,WZwmzIuRvwV,DxDuYrrZSa7
fd179d0e-dcb5-4787-bee7-0f77769005f0,quantityReceived,Agq5SafoONb,WZwmzIuRvwV,DxDuYrrZSa7
b0479ba6-22a0-465d-829a-eeccdb7f5f26,quantityReceived,lpU2NxYSbPk,WZwmzIuRvwV,DxDuYrrZSa7
7709b45a-11af-4971-aef3-4adebd9bb9c6,quantityReceived,CcwuRMIdthJ,WZwmzIuRvwV,DxDuYrrZSa7
ba168d23-ef14-4168-b209-82fb02d7ba92,quantityReceived,ysKLQ9znmy0,WZwmzIuRvwV,DxDuYrrZSa7
8793c0b1-6756-446b-95a5-460d4d73fb16,quantityReceived,TO4ID1NMp3o,WZwmzIuRvwV,DxDuYrrZSa7
d50243b4-c422-47c5-be34-2b09aefc3dd9,quantityReceived,pCr02gNbL03,WZwmzIuRvwV,DxDuYrrZSa7
bb0c9374-0372-4e11-bff4-41f00dbe13c7,quantityReceived,mjqjrXPtYUe,WZwmzIuRvwV,DxDuYrrZSa7
a6c129f3-9e83-4574-8374-b0e70aad17bf,quantityReceived,piALFs9SNQA,WZwmzIuRvwV,DxDuYrrZSa7
b27c4f73-8409-4f67-ae66-f7bce1cd01c1,quantityReceived,bJ8gKNv3oid,WZwmzIuRvwV,DxDuYrrZSa7
d1a00384-cb41-48b7-8e40-8446c986dc8e,quantityReceived,T1S8fr4Iwy3,WZwmzIuRvwV,DxDuYrrZSa7
1b405d2a-70e0-4161-9d61-f2d9e4d97816,quantityReceived,QXrmE1kM0Uw,WZwmzIuRvwV,DxDuYrrZSa7
cf486e84-3908-4dfb-94af-acbb518f6e14,quantityReceived,cC5JcUHoFvs,WZwmzIuRvwV,DxDuYrrZSa7
05c8a7a3-8617-483f-9053-9ab490d02467,quantityReceived,Len0nCJSwOi,WZwmzIuRvwV,DxDuYrrZSa7
cf633506-2079-4f35-9980-4e47d6d77313,quantityReceived,eEXSdrocnTZ,WZwmzIuRvwV,DxDuYrrZSa7
b10c8747-52fe-44e9-8488-f417774e76df,quantityReceived,PhJGX31GrzS,WZwmzIuRvwV,DxDuYrrZSa7
9ba82825-22b2-48f4-93d0-78c0e4dcb8eb,quantityReceived,ND9NI4RgQhH,WZwmzIuRvwV,DxDuYrrZSa7
ddd0766c-2326-4e15-b597-308a44d5e5cf,quantityReceived,JGTbGVIdbLa,WZwmzIuRvwV,DxDuYrrZSa7
8b0d3617-0054-477c-93e0-69c07160b710,quantityReceived,NV1HJCMt15k,WZwmzIuRvwV,DxDuYrrZSa7
e6cb1c24-735e-43c8-9425-9e17a05d3afa,quantityReceived,QM875lSOHMG,WZwmzIuRvwV,DxDuYrrZSa7
afa6a229-4383-4381-9fac-4cb297ad323e,quantityReceived,txUucbxrp3i,WZwmzIuRvwV,DxDuYrrZSa7
b0479ba6-22a0-465d-829a-eeccdb7f5f26,quantityReceived,NmmVtrJgvDl,WZwmzIuRvwV,DxDuYrrZSa7
b77b5ba9-1cb8-4060-b96c-b9d5ac84abb7,quantityReceived,VIb4EV6bFPw,WZwmzIuRvwV,DxDuYrrZSa7
35d2de56-55b8-4b9f-ab7a-c7e44945a6cd,quantityReceived,pb7Auhe3FCA,WZwmzIuRvwV,DxDuYrrZSa7
a8189a55-dd0b-45fc-acc6-e935df898110,quantityReceived,rulOQHet835,WZwmzIuRvwV,DxDuYrrZSa7
07ddd033-ae4b-4445-b133-1d83a68f5f0d,quantityReceived,vujdbHpXnxh,WZwmzIuRvwV,DxDuYrrZSa7
3e64a1a6-d69b-4f28-84fb-7168bd957923,quantityReceived,J7ZNw87MSW0,WZwmzIuRvwV,DxDuYrrZSa7
31c9b395-30db-483a-8274-717ee88862fc,quantityReceived,qYHj9qCW0qG,WZwmzIuRvwV,DxDuYrrZSa7
cf0da758-9d0d-492b-8ca2-bc95aad61049,quantityReceived,EsgD17Pbytt,WZwmzIuRvwV,DxDuYrrZSa7
893ce509-2e68-4520-9351-76bfacbdf13a,quantityReceived,jJD5Vi4bSoy,WZwmzIuRvwV,DxDuYrrZSa7
cae8b086-d96c-4c8c-8e87-0d3322dc9cf3,quantityReceived,EFxWCVBtgyq,WZwmzIuRvwV,DxDuYrrZSa7
a8c17381-ff53-4c4c-9724-7e873247912f,quantityReceived,soSNQPgOi8U,WZwmzIuRvwV,DxDuYrrZSa7
c3d06d33-8137-4970-93b3-ecef9f2deb95,quantityReceived,oEOLpy7U05N,WZwmzIuRvwV,DxDuYrrZSa7
fd179d0e-dcb5-4787-bee7-0f77769005f0,quantityReceived,KUSaRpSjLjJ,WZwmzIuRvwV,DxDuYrrZSa7
9fc1408c-46b3-4125-8f2e-15526f559ce2,quantityReceived,l1bhrYUPsde,WZwmzIuRvwV,DxDuYrrZSa7
69f4c896-d62a-47ac-8a5d-110ee4b8a7fa,quantityReceived,laQa8YfpVrp,WZwmzIuRvwV,DxDuYrrZSa7
5dc66657-39bd-459d-b9cd-1111338dc58b,quantityReceived,BCXcLiQNI8M,WZwmzIuRvwV,DxDuYrrZSa7
40c54daa-a7a9-493f-9eff-0c4dd016c392,quantityReceived,IisI6JudbS8,WZwmzIuRvwV,DxDuYrrZSa7
28d889b3-001e-4183-b75f-50bca4e1f094,quantityReceived,uAWIVDnGPGH,WZwmzIuRvwV,DxDuYrrZSa7
4b5d845f-6642-4ddf-824d-66fbadd89bcb,quantityReceived,hqqlXMmY95c,WZwmzIuRvwV,DxDuYrrZSa7
849bbed7-42c7-4e3f-997b-3120d879b291,quantityReceived,MJrLCya7qzt,WZwmzIuRvwV,DxDuYrrZSa7
3926eebb-266a-4b00-bdbc-48030508c182,quantityReceived,Hjlw6DpooIo,WZwmzIuRvwV,DxDuYrrZSa7
0df75062-68b1-4234-9d28-d903562a66bd,quantityReceived,nnSKbBscmxH,WZwmzIuRvwV,DxDuYrrZSa7
cead0772-8c4d-4fea-a7bc-802fe5637706,quantityReceived,vrTdwvAQSUc,WZwmzIuRvwV,DxDuYrrZSa7
e0370fac-2c42-47b2-b724-114ae4344904,quantityReceived,fQfJhi742vt,WZwmzIuRvwV,DxDuYrrZSa7
27a2aeba-54e0-4a60-b9b5-a2ff4d994fcf,quantityReceived,iFMn6ceqdIN,WZwmzIuRvwV,DxDuYrrZSa7
aa65c126-4c99-4f76-8aec-ff4814b44e80,quantityReceived,bwUoJJgDst9,WZwmzIuRvwV,DxDuYrrZSa7
0a2e50f8-4f5a-4581-b1d2-b2b7dc087916,quantityReceived,blfdHcia9nP,WZwmzIuRvwV,DxDuYrrZSa7
0df75062-68b1-4234-9d28-d903562a66bd,quantityReceived,bqJvWJtJwtK,WZwmzIuRvwV,DxDuYrrZSa7
28d889b3-001e-4183-b75f-50bca4e1f094,quantityReceived,DNZEo533IMh,WZwmzIuRvwV,DxDuYrrZSa7
f8de979f-673a-48c1-b32a-4fdc501be96e,quantityReceived,LcjS6ASCqUb,WZwmzIuRvwV,DxDuYrrZSa7
875f8b31-f829-402e-916d-d01214f7945a,quantityReceived,ZMcyV45XAkW,WZwmzIuRvwV,DxDuYrrZSa7
36162771-26fd-471c-b5d0-cab4fcfd17a1,quantityReceived,gzPW3f2ijo5,WZwmzIuRvwV,DxDuYrrZSa7
f42f2d6e-d3da-4469-b56a-591b217a84cd,quantityReceived,tmp1zLSXw0Q,WZwmzIuRvwV,DxDuYrrZSa7
af021dd7-c70d-4847-af04-57c19d1dd81d,quantityReceived,jJUIodWQH0T,WZwmzIuRvwV,DxDuYrrZSa7
f70d12f7-1622-47c7-9cf7-bf2634059c3b,quantityReceived,RYaAzE1eqya,WZwmzIuRvwV,DxDuYrrZSa7
d9f5a79a-2046-4865-873c-7161afa829d0,quantityReceived,BfoCv6bUeBk,WZwmzIuRvwV,DxDuYrrZSa7
e465fccc-61e0-4a58-b0a6-5c7dd979e126,quantityReceived,K8Yt0p1z21M,WZwmzIuRvwV,DxDuYrrZSa7
c5519235-6716-4442-a670-d0a0f890c772,quantityDispensed,jlRZE5tTARe,pdKyvaYRqCj,DxDuYrrZSa7
c0047dc9-0492-4e4b-913c-4dac916a6d75,quantityDispensed,bdy45DCTJLB,pdKyvaYRqCj,DxDuYrrZSa7
39b06b6c-9b22-4b35-b0c2-84ecd4a42cb3,quantityDispensed,Xt48UQAZppa,pdKyvaYRqCj,DxDuYrrZSa7
ffbbef24-e503-42c3-be4c-deb5de04a888,quantityDispensed,ccpDQ5umc0a,pdKyvaYRqCj,DxDuYrrZSa7
01265798-0853-4050-9510-8d8a15912cda,quantityDispensed,pScfYi2Qxop,pdKyvaYRqCj,DxDuYrrZSa7
9752ca3e-e103-4f6e-92d8-13151a9afc02,quantityDispensed,imqSmhfQTPN,pdKyvaYRqCj,DxDuYrrZSa7
b28ba608-2122-4c27-a29f-8500d06addaa,quantityDispensed,hgjnpRWXunB,pdKyvaYRqCj,DxDuYrrZSa7
ea3626a0-bfae-4825-a644-2572972c3c42,quantityDispensed,fHyOLs6mPEr,pdKyvaYRqCj,DxDuYrrZSa7
fe793304-82b8-4b1c-ad06-67c701425c58,quantityDispensed,FVJ2v5RgBgL,pdKyvaYRqCj,DxDuYrrZSa7
f9a1414e-0f16-4af5-9f93-2bd620d033f4,quantityDispensed,b0f8cOW1CFV,pdKyvaYRqCj,DxDuYrrZSa7
b79626ae-2f44-4d47-8732-d00c35fd78a8,quantityDispensed,c5nKAODeM8D,pdKyvaYRqCj,DxDuYrrZSa7
f156f92b-ebca-4838-ae6e-9e6227fa64ef,quantityDispensed,PLjvTAvttMR,pdKyvaYRqCj,DxDuYrrZSa7
c5bbd08f-32d1-4cac-90ef-db1fe0bee6a3,quantityDispensed,EwiHKw8P2xz,pdKyvaYRqCj,DxDuYrrZSa7
2961203c-485c-44e8-ab09-621331872294,quantityDispensed,S007ecRnpvZ,pdKyvaYRqCj,DxDuYrrZSa7
cfe9fefc-0f0d-4962-902e-24f2a3806114,quantityDispensed,cbuwM5uOq3O,pdKyvaYRqCj,DxDuYrrZSa7
6c118552-e18e-4c3c-bef2-eb5ad4de8838,quantityDispensed,eKHjiGzfBep,pdKyvaYRqCj,DxDuYrrZSa7
f747e43b-8f37-4063-b78c-a66daabc62a9,quantityDispensed,PlYGakAhqbk,pdKyvaYRqCj,DxDuYrrZSa7
0cc5934c-d942-4657-a939-4b7f78802047,quantityDispensed,vtqAD1gqMxx,pdKyvaYRqCj,DxDuYrrZSa7
2765ec14-f97a-41cc-9990-1279c98a262b,quantityDispensed,LQxR2T7YYVM,pdKyvaYRqCj,DxDuYrrZSa7
f42f2d6e-d3da-4469-b56a-591b217a84cd,quantityDispensed,jvFtLjaSC0R,pdKyvaYRqCj,DxDuYrrZSa7
f71803c5-69d0-429c-b22b-fe46635a39ca,quantityDispensed,xJuZlcxA1XG,pdKyvaYRqCj,DxDuYrrZSa7
09cf2c84-1459-42dd-874c-aa9918b81565,quantityDispensed,twpuhOg9Ira,pdKyvaYRqCj,DxDuYrrZSa7
f394a1d3-3cdf-456c-af41-471947d09e78,quantityDispensed,eKGFyjTBgP9,pdKyvaYRqCj,DxDuYrrZSa7
ea9cdeba-38d3-45be-a8f5-9245e2f7e91c,quantityDispensed,KfRIpuUPX2p,pdKyvaYRqCj,DxDuYrrZSa7
3a891538-d39c-4b3b-a745-e27021efdaaa,quantityDispensed,tctjQSqVB8P,pdKyvaYRqCj,DxDuYrrZSa7
33b5a6e1-9bb8-40e7-a1b3-12a2f129b664,quantityDispensed,RN0FYO4OS95,pdKyvaYRqCj,DxDuYrrZSa7
0086627d-55bf-4ac6-94e2-2cbf052a41fa,quantityDispensed,mJLlwex1JGF,pdKyvaYRqCj,DxDuYrrZSa7
0a3e1fae-d6e9-4c3f-b572-e4dfff9cdecb,quantityDispensed,vWAvCqLn24n,pdKyvaYRqCj,DxDuYrrZSa7
8a9b5050-cb9b-441d-8c30-1b48bbeb1d4a,quantityDispensed,b3kUbo6E2q6,pdKyvaYRqCj,DxDuYrrZSa7
75e005d0-ce90-4c20-9a63-be6c0faa203e,quantityDispensed,CT0tPGDsF4o,pdKyvaYRqCj,DxDuYrrZSa7
b1a4cc76-4008-49db-93a9-3714bb305df0,quantityDispensed,ko2FXhgnabh,pdKyvaYRqCj,DxDuYrrZSa7
50934dfc-67e8-4f13-9df3-72068f3e0ab8,quantityDispensed,lqPByIBN1Lp,pdKyvaYRqCj,DxDuYrrZSa7
41b2408f-11a5-4c90-83cc-ee383bea1323,quantityDispensed,mr8INFePj2q,pdKyvaYRqCj,DxDuYrrZSa7
a7cbf500-1622-4bf4-8e1f-d6e6eacd5db5,quantityDispensed,eGFtHZbwk31,pdKyvaYRqCj,DxDuYrrZSa7
f531a63f-0d6c-42f6-8bd0-f009eb960503,quantityDispensed,p0h84uAEXjx,pdKyvaYRqCj,DxDuYrrZSa7
c7f3ee06-901f-4548-b337-c072171d7be0,quantityDispensed,kwEcSIEbKoM,pdKyvaYRqCj,DxDuYrrZSa7
3dd102a7-de1d-4fbb-aad6-cdb834073835,quantityDispensed,AnPyYySP3jM,pdKyvaYRqCj,DxDuYrrZSa7
b4303d18-bcef-45eb-8bdc-db9126ccec37,quantityDispensed,YpzQA3Mw2xP,pdKyvaYRqCj,DxDuYrrZSa7
4640a020-e69d-4cb0-86bb-82865b8e581a,quantityDispensed,A9M1dZz7QUo,pdKyvaYRqCj,DxDuYrrZSa7
a8c17381-ff53-4c4c-9724-7e873247912f,quantityDispensed,e1XqFd3k4k5,pdKyvaYRqCj,DxDuYrrZSa7
c3d06d33-8137-4970-93b3-ecef9f2deb95,quantityDispensed,icQhXFWfTkG,pdKyvaYRqCj,DxDuYrrZSa7
69871d4a-987f-4ca1-a46e-9f1c255ae5d1,quantityDispensed,XuZzHmN5N1s,pdKyvaYRqCj,DxDuYrrZSa7
343b6097-8c7a-41b1-bb34-90012133333d,quantityDispensed,DbQPYffPSq0,pdKyvaYRqCj,DxDuYrrZSa7
ba0171b2-4be1-432f-a3e1-9f85ca07ed77,quantityDispensed,xL39i2CeSMb,pdKyvaYRqCj,DxDuYrrZSa7
94c2fd66-87cd-4502-800c-ef1c8efee08b,quantityDispensed,qyhrW0147iw,pdKyvaYRqCj,DxDuYrrZSa7
3530f49d-f22a-4c46-853b-9957d68a86ec,quantityDispensed,ACfUBNEFYQJ,pdKyvaYRqCj,DxDuYrrZSa7
aa00d1d4-94db-4425-8673-ded0d78344ff,quantityDispensed,KUUtDEVMGJw,pdKyvaYRqCj,DxDuYrrZSa7
a3e78491-17c9-4cc7-939b-363a338884fa,quantityDispensed,jbZZ3ZmeDjm,pdKyvaYRqCj,DxDuYrrZSa7
b4e59feb-bcce-4cc7-ac7e-787092a98516,quantityDispensed,Kdxu1xznK83,pdKyvaYRqCj,DxDuYrrZSa7
8180c0ce-a47a-4a4d-ba65-dc3673588f74,quantityDispensed,YjddPfs7Iy9,pdKyvaYRqCj,DxDuYrrZSa7
fa308958-46c9-4b19-966f-77feec67ee26,quantityDispensed,y1hl8uXNQJV,pdKyvaYRqCj,DxDuYrrZSa7
e3455161-dac9-4073-a919-2f72c229a15a,quantityDispensed,YgJ1xrW5POu,pdKyvaYRqCj,DxDuYrrZSa7
36c2ef29-dab5-4fdf-a605-fd8d8cd4d8a2,quantityDispensed,egb78G6VjCX,pdKyvaYRqCj,DxDuYrrZSa7
57472c1e-9ffc-4482-856d-92ada32f47e0,quantityDispensed,Ln4BoDbYTYZ,pdKyvaYRqCj,DxDuYrrZSa7
87ef365c-4e30-4aa0-8fd3-0f62dd4a316a,quantityDispensed,mAmwBlqomL5,pdKyvaYRqCj,DxDuYrrZSa7
826a194c-4f19-4281-a693-73874499f110,quantityDispensed,Y3S1cMb7X8O,pdKyvaYRqCj,DxDuYrrZSa7
05ad76c2-4ae0-46fa-90d5-6e5ffe8ef52c,quantityDispensed,V77IwDUVTB6,pdKyvaYRqCj,DxDuYrrZSa7
b2dc5794-5c4c-428e-a0a3-b6db2f9a32da,quantityDispensed,tIR2ajCyHGJ,pdKyvaYRqCj,DxDuYrrZSa7
afa6a229-4383-4381-9fac-4cb297ad323e,quantityDispensed,beb3zMCHnkD,pdKyvaYRqCj,DxDuYrrZSa7
e1051bba-37ec-4afe-b298-85c653b492e2,quantityDispensed,Mu6zoYBIRQy,pdKyvaYRqCj,DxDuYrrZSa7
cc9bea7e-8378-444f-ab93-460dd000c7dd,quantityDispensed,tzlokM7gPDX,pdKyvaYRqCj,DxDuYrrZSa7
495fc9b0-f647-4421-9401-47831c12a1d8,quantityDispensed,XYULRfqpFKi,pdKyvaYRqCj,DxDuYrrZSa7
4129df3a-cac8-404f-a71a-37649a7d5d30,quantityDispensed,yfchsDmHtMv,pdKyvaYRqCj,DxDuYrrZSa7
7c43ff47-8689-422f-a71d-68e2999ee5dc,quantityDispensed,uKwwGyVTrFn,pdKyvaYRqCj,DxDuYrrZSa7
fac46361-ab19-4be7-b201-142bec359e62,quantityDispensed,ruk3AKr0K8B,pdKyvaYRqCj,DxDuYrrZSa7
7893d9f8-fbe1-479e-9972-4e7e0c032a3e,quantityDispensed,TgPgAMLFfjR,pdKyvaYRqCj,DxDuYrrZSa7
f73905ba-a95c-4a97-bb68-bfd5ed2f3a53,quantityDispensed,XXCRWxSOAgA,pdKyvaYRqCj,DxDuYrrZSa7
f51295a7-c8dd-4b93-b4ce-a0042a3c101a,quantityDispensed,A4oK7ixDJTu,pdKyvaYRqCj,DxDuYrrZSa7
59e242ea-730f-4b2e-b24a-cffbea076990,quantityDispensed,d65je1MB2I0,pdKyvaYRqCj,DxDuYrrZSa7
aa65c126-4c99-4f76-8aec-ff4814b44e80,quantityDispensed,rsZ3hXUsNHC,pdKyvaYRqCj,DxDuYrrZSa7
0a2e50f8-4f5a-4581-b1d2-b2b7dc087916,quantityDispensed,WSCKjPzE6so,pdKyvaYRqCj,DxDuYrrZSa7
875f8b31-f829-402e-916d-d01214f7945a,quantityDispensed,k2ylMYExAqM,pdKyvaYRqCj,DxDuYrrZSa7
6afd7853-d9b0-40ff-ad5c-a7882689d6f3,quantityDispensed,lMFDy7llcep,pdKyvaYRqCj,DxDuYrrZSa7
db045b7a-d65b-448b-aac8-acb16f072d66,quantityDispensed,nNQnOhfEpiG,pdKyvaYRqCj,DxDuYrrZSa7
17c35f8b-9546-4666-b1f3-dd0418383de8,quantityDispensed,LVN5Lu5X0m1,pdKyvaYRqCj,DxDuYrrZSa7
bc4f1e3b-0904-4bd7-b5a9-f89689b64811,quantityDispensed,jVD7RV6f896,pdKyvaYRqCj,DxDuYrrZSa7
4d2fbf39-8d19-4e39-bde2-f21271ed2ec6,quantityDispensed,itXOGlGrJNP,pdKyvaYRqCj,DxDuYrrZSa7
bcfe588b-3451-42c6-a388-03b63128b530,quantityDispensed,G29c3GcpYme,pdKyvaYRqCj,DxDuYrrZSa7
8eb18654-8bdc-4331-b3a2-2dfeb8b28c18,quantityDispensed,hqopu4sxaeK,pdKyvaYRqCj,DxDuYrrZSa7
5f9c8eed-517d-46e0-b53b-9846531943cf,quantityDispensed,bwX3IqUoQHL,pdKyvaYRqCj,DxDuYrrZSa7
b38b055b-6282-4a74-9849-45675e4458e0,quantityDispensed,aNjbOSHxbpj,pdKyvaYRqCj,DxDuYrrZSa7
807871bc-52aa-4dd5-b51b-5ff1fe30ad30,quantityDispensed,I36TQdFr3x1,pdKyvaYRqCj,DxDuYrrZSa7
5ca657a6-00ac-4148-9164-7917b0999f89,quantityDispensed,JGEvWwlIloq,pdKyvaYRqCj,DxDuYrrZSa7
36cb3dd3-e539-4e14-87ca-ce25701f8a73,quantityDispensed,d55YUa4k7kH,pdKyvaYRqCj,DxDuYrrZSa7
94c43124-a790-4954-b2c5-f79ca2ca44b3,quantityDispensed,zo527TlEpbc,pdKyvaYRqCj,DxDuYrrZSa7
fa522936-b4f8-470f-8bf4-56192418b696,quantityDispensed,Hy09dFTtQ3v,pdKyvaYRqCj,DxDuYrrZSa7
63f27af8-87ba-4b5e-a159-dc238713a583,quantityDispensed,WmVRa7uAnOE,pdKyvaYRqCj,DxDuYrrZSa7
d54475ad-0baa-4cc6-8948-91d54e616cab,quantityDispensed,xAecDAa3k2M,pdKyvaYRqCj,DxDuYrrZSa7
b986466f-a443-4b7d-b39c-638146e5b871,quantityDispensed,rya1A1zHwT0,pdKyvaYRqCj,DxDuYrrZSa7
4b43dbb3-2875-459e-a085-4112a8343cd2,quantityDispensed,tfVZja6PU7c,pdKyvaYRqCj,DxDuYrrZSa7
99b856ec-ec37-4d41-9658-62d6665b06f5,quantityDispensed,WncTyD8NJ83,pdKyvaYRqCj,DxDuYrrZSa7
94c0a6db-91ea-404b-84bc-23aa8fc17e5c,quantityDispensed,Pnv4yZ5pxpn,pdKyvaYRqCj,DxDuYrrZSa7
453e8abd-d742-4019-b683-93d4d7d52c64,quantityDispensed,gwV5ZPxRbWX,pdKyvaYRqCj,DxDuYrrZSa7
adee5752-4bce-4675-8b7a-a1119738a8f1,quantityDispensed,jpdLlmeGHjg,pdKyvaYRqCj,DxDuYrrZSa7
0f93c177-fc95-494e-952e-fa9ac26fcd0b,quantityDispensed,w6PgRUkjqf0,pdKyvaYRqCj,DxDuYrrZSa7
9ae92320-5d74-489e-ab28-42e9f44ceed8,quantityDispensed,aYCoMwQ8pQb,pdKyvaYRqCj,DxDuYrrZSa7
fd179d0e-dcb5-4787-bee7-0f77769005f0,quantityDispensed,Agq5SafoONb,pdKyvaYRqCj,DxDuYrrZSa7
b0479ba6-22a0-465d-829a-eeccdb7f5f26,quantityDispensed,lpU2NxYSbPk,pdKyvaYRqCj,DxDuYrrZSa7
7709b45a-11af-4971-aef3-4adebd9bb9c6,quantityDispensed,CcwuRMIdthJ,pdKyvaYRqCj,DxDuYrrZSa7
ba168d23-ef14-4168-b209-82fb02d7ba92,quantityDispensed,ysKLQ9znmy0,pdKyvaYRqCj,DxDuYrrZSa7
8793c0b1-6756-446b-95a5-460d4d73fb16,quantityDispensed,TO4ID1NMp3o,pdKyvaYRqCj,DxDuYrrZSa7
d50243b4-c422-47c5-be34-2b09aefc3dd9,quantityDispensed,pCr02gNbL03,pdKyvaYRqCj,DxDuYrrZSa7
bb0c9374-0372-4e11-bff4-41f00dbe13c7,quantityDispensed,mjqjrXPtYUe,pdKyvaYRqCj,DxDuYrrZSa7
a6c129f3-9e83-4574-8374-b0e70aad17bf,quantityDispensed,piALFs9SNQA,pdKyvaYRqCj,DxDuYrrZSa7
b27c4f73-8409-4f67-ae66-f7bce1cd01c1,quantityDispensed,bJ8gKNv3oid,pdKyvaYRqCj,DxDuYrrZSa7
d1a00384-cb41-48b7-8e40-8446c986dc8e,quantityDispensed,T1S8fr4Iwy3,pdKyvaYRqCj,DxDuYrrZSa7
1b405d2a-70e0-4161-9d61-f2d9e4d97816,quantityDispensed,QXrmE1kM0Uw,pdKyvaYRqCj,DxDuYrrZSa7
cf486e84-3908-4dfb-94af-acbb518f6e14,quantityDispensed,cC5JcUHoFvs,pdKyvaYRqCj,DxDuYrrZSa7
05c8a7a3-8617-483f-9053-9ab490d02467,quantityDispensed,Len0nCJSwOi,pdKyvaYRqCj,DxDuYrrZSa7
cf633506-2079-4f35-9980-4e47d6d77313,quantityDispensed,eEXSdrocnTZ,pdKyvaYRqCj,DxDuYrrZSa7
b10c8747-52fe-44e9-8488-f417774e76df,quantityDispensed,PhJGX31GrzS,pdKyvaYRqCj,DxDuYrrZSa7
9ba82825-22b2-48f4-93d0-78c0e4dcb8eb,quantityDispensed,ND9NI4RgQhH,pdKyvaYRqCj,DxDuYrrZSa7
ddd0766c-2326-4e15-b597-308a44d5e5cf,quantityDispensed,JGTbGVIdbLa,pdKyvaYRqCj,DxDuYrrZSa7
8b0d3617-0054-477c-93e0-69c07160b710,quantityDispensed,NV1HJCMt15k,pdKyvaYRqCj,DxDuYrrZSa7
e6cb1c24-735e-43c8-9425-9e17a05d3afa,quantityDispensed,QM875lSOHMG,pdKyvaYRqCj,DxDuYrrZSa7
afa6a229-4383-4381-9fac-4cb297ad323e,quantityDispensed,txUucbxrp3i,pdKyvaYRqCj,DxDuYrrZSa7
b0479ba6-22a0-465d-829a-eeccdb7f5f26,quantityDispensed,NmmVtrJgvDl,pdKyvaYRqCj,DxDuYrrZSa7
b77b5ba9-1cb8-4060-b96c-b9d5ac84abb7,quantityDispensed,VIb4EV6bFPw,pdKyvaYRqCj,DxDuYrrZSa7
35d2de56-55b8-4b9f-ab7a-c7e44945a6cd,quantityDispensed,pb7Auhe3FCA,pdKyvaYRqCj,DxDuYrrZSa7
a8189a55-dd0b-45fc-acc6-e935df898110,quantityDispensed,rulOQHet835,pdKyvaYRqCj,DxDuYrrZSa7
07ddd033-ae4b-4445-b133-1d83a68f5f0d,quantityDispensed,vujdbHpXnxh,pdKyvaYRqCj,DxDuYrrZSa7
3e64a1a6-d69b-4f28-84fb-7168bd957923,quantityDispensed,J7ZNw87MSW0,pdKyvaYRqCj,DxDuYrrZSa7
31c9b395-30db-483a-8274-717ee88862fc,quantityDispensed,qYHj9qCW0qG,pdKyvaYRqCj,DxDuYrrZSa7
cf0da758-9d0d-492b-8ca2-bc95aad61049,quantityDispensed,EsgD17Pbytt,pdKyvaYRqCj,DxDuYrrZSa7
893ce509-2e68-4520-9351-76bfacbdf13a,quantityDispensed,jJD5Vi4bSoy,pdKyvaYRqCj,DxDuYrrZSa7
cae8b086-d96c-4c8c-8e87-0d3322dc9cf3,quantityDispensed,EFxWCVBtgyq,pdKyvaYRqCj,DxDuYrrZSa7
a8c17381-ff53-4c4c-9724-7e873247912f,quantityDispensed,soSNQPgOi8U,pdKyvaYRqCj,DxDuYrrZSa7
c3d06d33-8137-4970-93b3-ecef9f2deb95,quantityDispensed,oEOLpy7U05N,pdKyvaYRqCj,DxDuYrrZSa7
fd179d0e-dcb5-4787-bee7-0f77769005f0,quantityDispensed,KUSaRpSjLjJ,pdKyvaYRqCj,DxDuYrrZSa7
9fc1408c-46b3-4125-8f2e-15526f559ce2,quantityDispensed,l1bhrYUPsde,dxDQKDcTn6Z,DxDuYrrZSa7
69f4c896-d62a-47ac-8a5d-110ee4b8a7fa,quantityDispensed,laQa8YfpVrp,dxDQKDcTn6Z,DxDuYrrZSa7
5dc66657-39bd-459d-b9cd-1111338dc58b,quantityDispensed,BCXcLiQNI8M,dxDQKDcTn6Z,DxDuYrrZSa7
40c54daa-a7a9-493f-9eff-0c4dd016c392,quantityDispensed,IisI6JudbS8,dxDQKDcTn6Z,DxDuYrrZSa7
28d889b3-001e-4183-b75f-50bca4e1f094,quantityDispensed,uAWIVDnGPGH,dxDQKDcTn6Z,DxDuYrrZSa7
4b5d845f-6642-4ddf-824d-66fbadd89bcb,quantityDispensed,hqqlXMmY95c,dxDQKDcTn6Z,DxDuYrrZSa7
849bbed7-42c7-4e3f-997b-3120d879b291,quantityDispensed,MJrLCya7qzt,dxDQKDcTn6Z,DxDuYrrZSa7
3926eebb-266a-4b00-bdbc-48030508c182,quantityDispensed,Hjlw6DpooIo,dxDQKDcTn6Z,DxDuYrrZSa7
0df75062-68b1-4234-9d28-d903562a66bd,quantityDispensed,nnSKbBscmxH,dxDQKDcTn6Z,DxDuYrrZSa7
cead0772-8c4d-4fea-a7bc-802fe5637706,quantityDispensed,vrTdwvAQSUc,dxDQKDcTn6Z,DxDuYrrZSa7
e0370fac-2c42-47b2-b724-114ae4344904,quantityDispensed,fQfJhi742vt,dxDQKDcTn6Z,DxDuYrrZSa7
27a2aeba-54e0-4a60-b9b5-a2ff4d994fcf,quantityDispensed,iFMn6ceqdIN,dxDQKDcTn6Z,DxDuYrrZSa7
aa65c126-4c99-4f76-8aec-ff4814b44e80,quantityDispensed,bwUoJJgDst9,dxDQKDcTn6Z,DxDuYrrZSa7
0a2e50f8-4f5a-4581-b1d2-b2b7dc087916,quantityDispensed,blfdHcia9nP,dxDQKDcTn6Z,DxDuYrrZSa7
0df75062-68b1-4234-9d28-d903562a66bd,quantityDispensed,bqJvWJtJwtK,dxDQKDcTn6Z,DxDuYrrZSa7
28d889b3-001e-4183-b75f-50bca4e1f094,quantityDispensed,DNZEo533IMh,dxDQKDcTn6Z,DxDuYrrZSa7
f8de979f-673a-48c1-b32a-4fdc501be96e,quantityDispensed,LcjS6ASCqUb,dxDQKDcTn6Z,DxDuYrrZSa7
875f8b31-f829-402e-916d-d01214f7945a,quantityDispensed,ZMcyV45XAkW,dxDQKDcTn6Z,DxDuYrrZSa7
36162771-26fd-471c-b5d0-cab4fcfd17a1,quantityDispensed,gzPW3f2ijo5,dxDQKDcTn6Z,DxDuYrrZSa7
f42f2d6e-d3da-4469-b56a-591b217a84cd,quantityDispensed,tmp1zLSXw0Q,dxDQKDcTn6Z,DxDuYrrZSa7
af021dd7-c70d-4847-af04-57c19d1dd81d,quantityDispensed,jJUIodWQH0T,dxDQKDcTn6Z,DxDuYrrZSa7
f70d12f7-1622-47c7-9cf7-bf2634059c3b,quantityDispensed,RYaAzE1eqya,dxDQKDcTn6Z,DxDuYrrZSa7
d9f5a79a-2046-4865-873c-7161afa829d0,quantityDispensed,BfoCv6bUeBk,dxDQKDcTn6Z,DxDuYrrZSa7
e465fccc-61e0-4a58-b0a6-5c7dd979e126,quantityDispensed,K8Yt0p1z21M,dxDQKDcTn6Z,DxDuYrrZSa7
c5519235-6716-4442-a670-d0a0f890c772,totalLosses,jlRZE5tTARe,J8mw9rFkY4v,DxDuYrrZSa7
c0047dc9-0492-4e4b-913c-4dac916a6d75,totalLosses,bdy45DCTJLB,J8mw9rFkY4v,DxDuYrrZSa7
39b06b6c-9b22-4b35-b0c2-84ecd4a42cb3,totalLosses,Xt48UQAZppa,J8mw9rFkY4v,DxDuYrrZSa7
ffbbef24-e503-42c3-be4c-deb5de04a888,totalLosses,ccpDQ5umc0a,J8mw9rFkY4v,DxDuYrrZSa7
01265798-0853-4050-9510-8d8a15912cda,totalLosses,pScfYi2Qxop,J8mw9rFkY4v,DxDuYrrZSa7
9752ca3e-e103-4f6e-92d8-13151a9afc02,totalLosses,imqSmhfQTPN,J8mw9rFkY4v,DxDuYrrZSa7
b28ba608-2122-4c27-a29f-8500d06addaa,totalLosses,hgjnpRWXunB,J8mw9rFkY4v,DxDuYrrZSa7
ea3626a0-bfae-4825-a644-2572972c3c42,totalLosses,fHyOLs6mPEr,J8mw9rFkY4v,DxDuYrrZSa7
fe793304-82b8-4b1c-ad06-67c701425c58,totalLosses,FVJ2v5RgBgL,J8mw9rFkY4v,DxDuYrrZSa7
f9a1414e-0f16-4af5-9f93-2bd620d033f4,totalLosses,b0f8cOW1CFV,J8mw9rFkY4v,DxDuYrrZSa7
b79626ae-2f44-4d47-8732-d00c35fd78a8,totalLosses,c5nKAODeM8D,J8mw9rFkY4v,DxDuYrrZSa7
f156f92b-ebca-4838-ae6e-9e6227fa64ef,totalLosses,PLjvTAvttMR,J8mw9rFkY4v,DxDuYrrZSa7
c5bbd08f-32d1-4cac-90ef-db1fe0bee6a3,totalLosses,EwiHKw8P2xz,J8mw9rFkY4v,DxDuYrrZSa7
2961203c-485c-44e8-ab09-621331872294,totalLosses,S007ecRnpvZ,J8mw9rFkY4v,DxDuYrrZSa7
cfe9fefc-0f0d-4962-902e-24f2a3806114,totalLosses,cbuwM5uOq3O,J8mw9rFkY4v,DxDuYrrZSa7
6c118552-e18e-4c3c-bef2-eb5ad4de8838,totalLosses,eKHjiGzfBep,J8mw9rFkY4v,DxDuYrrZSa7
f747e43b-8f37-4063-b78c-a66daabc62a9,totalLosses,PlYGakAhqbk,J8mw9rFkY4v,DxDuYrrZSa7
0cc5934c-d942-4657-a939-4b7f78802047,totalLosses,vtqAD1gqMxx,J8mw9rFkY4v,DxDuYrrZSa7
2765ec14-f97a-41cc-9990-1279c98a262b,totalLosses,LQxR2T7YYVM,J8mw9rFkY4v,DxDuYrrZSa7
f42f2d6e-d3da-4469-b56a-591b217a84cd,totalLosses,jvFtLjaSC0R,J8mw9rFkY4v,DxDuYrrZSa7
f71803c5-69d0-429c-b22b-fe46635a39ca,totalLosses,xJuZlcxA1XG,J8mw9rFkY4v,DxDuYrrZSa7
09cf2c84-1459-42dd-874c-aa9918b81565,totalLosses,twpuhOg9Ira,J8mw9rFkY4v,DxDuYrrZSa7
f394a1d3-3cdf-456c-af41-471947d09e78,totalLosses,eKGFyjTBgP9,J8mw9rFkY4v,DxDuYrrZSa7
ea9cdeba-38d3-45be-a8f5-9245e2f7e91c,totalLosses,KfRIpuUPX2p,J8mw9rFkY4v,DxDuYrrZSa7
3a891538-d39c-4b3b-a745-e27021efdaaa,totalLosses,tctjQSqVB8P,J8mw9rFkY4v,DxDuYrrZSa7
33b5a6e1-9bb8-40e7-a1b3-12a2f129b664,totalLosses,RN0FYO4OS95,J8mw9rFkY4v,DxDuYrrZSa7
0086627d-55bf-4ac6-94e2-2cbf052a41fa,totalLosses,mJLlwex1JGF,J8mw9rFkY4v,DxDuYrrZSa7
0a3e1fae-d6e9-4c3f-b572-e4dfff9cdecb,totalLosses,vWAvCqLn24n,J8mw9rFkY4v,DxDuYrrZSa7
8a9b5050-cb9b-441d-8c30-1b48bbeb1d4a,totalLosses,b3kUbo6E2q6,J8mw9rFkY4v,DxDuYrrZSa7
75e005d0-ce90-4c20-9a63-be6c0faa203e,totalLosses,CT0tPGDsF4o,J8mw9rFkY4v,DxDuYrrZSa7
b1a4cc76-4008-49db-93a9-3714bb305df0,totalLosses,ko2FXhgnabh,J8mw9rFkY4v,DxDuYrrZSa7
50934dfc-67e8-4f13-9df3-72068f3e0ab8,totalLosses,lqPByIBN1Lp,J8mw9rFkY4v,DxDuYrrZSa7
41b2408f-11a5-4c90-83cc-ee383bea1323,totalLosses,mr8INFePj2q,J8mw9rFkY4v,DxDuYrrZSa7
a7cbf500-1622-4bf4-8e1f-d6e6eacd5db5,totalLosses,eGFtHZbwk31,J8mw9rFkY4v,DxDuYrrZSa7
f531a63f-0d6c-42f6-8bd0-f009eb960503,totalLosses,p0h84uAEXjx,J8mw9rFkY4v,DxDuYrrZSa7
c7f3ee06-901f-4548-b337-c072171d7be0,totalLosses,kwEcSIEbKoM,J8mw9rFkY4v,DxDuYrrZSa7
3dd102a7-de1d-4fbb-aad6-cdb834073835,totalLosses,AnPyYySP3jM,J8mw9rFkY4v,DxDuYrrZSa7
b4303d18-bcef-45eb-8bdc-db9126ccec37,totalLosses,YpzQA3Mw2xP,J8mw9rFkY4v,DxDuYrrZSa7
4640a020-e69d-4cb0-86bb-82865b8e581a,totalLosses,A9M1dZz7QUo,J8mw9rFkY4v,DxDuYrrZSa7
a8c17381-ff53-4c4c-9724-7e873247912f,totalLosses,e1XqFd3k4k5,J8mw9rFkY4v,DxDuYrrZSa7
c3d06d33-8137-4970-93b3-ecef9f2deb95,totalLosses,icQhXFWfTkG,J8mw9rFkY4v,DxDuYrrZSa7
69871d4a-987f-4ca1-a46e-9f1c255ae5d1,totalLosses,XuZzHmN5N1s,J8mw9rFkY4v,DxDuYrrZSa7
343b6097-8c7a-41b1-bb34-90012133333d,totalLosses,DbQPYffPSq0,J8mw9rFkY4v,DxDuYrrZSa7
ba0171b2-4be1-432f-a3e1-9f85ca07ed77,totalLosses,xL39i2CeSMb,J8mw9rFkY4v,DxDuYrrZSa7
94c2fd66-87cd-4502-800c-ef1c8efee08b,totalLosses,qyhrW0147iw,J8mw9rFkY4v,DxDuYrrZSa7
3530f49d-f22a-4c46-853b-9957d68a86ec,totalLosses,ACfUBNEFYQJ,J8mw9rFkY4v,DxDuYrrZSa7
aa00d1d4-94db-4425-8673-ded0d78344ff,totalLosses,KUUtDEVMGJw,J8mw9rFkY4v,DxDuYrrZSa7
a3e78491-17c9-4cc7-939b-363a338884fa,totalLosses,jbZZ3ZmeDjm,J8mw9rFkY4v,DxDuYrrZSa7
b4e59feb-bcce-4cc7-ac7e-787092a98516,totalLosses,Kdxu1xznK83,J8mw9rFkY4v,DxDuYrrZSa7
8180c0ce-a47a-4a4d-ba65-dc3673588f74,totalLosses,YjddPfs7Iy9,J8mw9rFkY4v,DxDuYrrZSa7
fa308958-46c9-4b19-966f-77feec67ee26,totalLosses,y1hl8uXNQJV,J8mw9rFkY4v,DxDuYrrZSa7
e3455161-dac9-4073-a919-2f72c229a15a,totalLosses,YgJ1xrW5POu,J8mw9rFkY4v,DxDuYrrZSa7
36c2ef29-dab5-4fdf-a605-fd8d8cd4d8a2,totalLosses,egb78G6VjCX,J8mw9rFkY4v,DxDuYrrZSa7
57472c1e-9ffc-4482-856d-92ada32f47e0,totalLosses,Ln4BoDbYTYZ,J8mw9rFkY4v,DxDuYrrZSa7
87ef365c-4e30-4aa0-8fd3-0f62dd4a316a,totalLosses,mAmwBlqomL5,J8mw9rFkY4v,DxDuYrrZSa7
826a194c-4f19-4281-a693-73874499f110,totalLosses,Y3S1cMb7X8O,J8mw9rFkY4v,DxDuYrrZSa7
05ad76c2-4ae0-46fa-90d5-6e5ffe8ef52c,totalLosses,V77IwDUVTB6,J8mw9rFkY4v,DxDuYrrZSa7
b2dc5794-5c4c-428e-a0a3-b6db2f9a32da,totalLosses,tIR2ajCyHGJ,J8mw9rFkY4v,DxDuYrrZSa7
afa6a229-4383-4381-9fac-4cb297ad323e,totalLosses,beb3zMCHnkD,J8mw9rFkY4v,DxDuYrrZSa7
e1051bba-37ec-4afe-b298-85c653b492e2,totalLosses,Mu6zoYBIRQy,J8mw9rFkY4v,DxDuYrrZSa7
cc9bea7e-8378-444f-ab93-460dd000c7dd,totalLosses,tzlokM7gPDX,J8mw9rFkY4v,DxDuYrrZSa7
495fc9b0-f647-4421-9401-47831c12a1d8,totalLosses,XYULRfqpFKi,J8mw9rFkY4v,DxDuYrrZSa7
4129df3a-cac8-404f-a71a-37649a7d5d30,totalLosses,yfchsDmHtMv,J8mw9rFkY4v,DxDuYrrZSa7
7c43ff47-8689-422f-a71d-68e2999ee5dc,totalLosses,uKwwGyVTrFn,J8mw9rFkY4v,DxDuYrrZSa7
fac46361-ab19-4be7-b201-142bec359e62,totalLosses,ruk3AKr0K8B,J8mw9rFkY4v,DxDuYrrZSa7
7893d9f8-fbe1-479e-9972-4e7e0c032a3e,totalLosses,TgPgAMLFfjR,J8mw9rFkY4v,DxDuYrrZSa7
f73905ba-a95c-4a97-bb68-bfd5ed2f3a53,totalLosses,XXCRWxSOAgA,J8mw9rFkY4v,DxDuYrrZSa7
f51295a7-c8dd-4b93-b4ce-a0042a3c101a,totalLosses,A4oK7ixDJTu,J8mw9rFkY4v,DxDuYrrZSa7
59e242ea-730f-4b2e-b24a-cffbea076990,totalLosses,d65je1MB2I0,J8mw9rFkY4v,DxDuYrrZSa7
aa65c126-4c99-4f76-8aec-ff4814b44e80,totalLosses,rsZ3hXUsNHC,J8mw9rFkY4v,DxDuYrrZSa7
0a2e50f8-4f5a-4581-b1d2-b2b7dc087916,totalLosses,WSCKjPzE6so,J8mw9rFkY4v,DxDuYrrZSa7
875f8b31-f829-402e-916d-d01214f7945a,totalLosses,k2ylMYExAqM,J8mw9rFkY4v,DxDuYrrZSa7
6afd7853-d9b0-40ff-ad5c-a7882689d6f3,totalLosses,lMFDy7llcep,J8mw9rFkY4v,DxDuYrrZSa7
db045b7a-d65b-448b-aac8-acb16f072d66,totalLosses,nNQnOhfEpiG,J8mw9rFkY4v,DxDuYrrZSa7
17c35f8b-9546-4666-b1f3-dd0418383de8,totalLosses,LVN5Lu5X0m1,J8mw9rFkY4v,DxDuYrrZSa7
bc4f1e3b-0904-4bd7-b5a9-f89689b64811,totalLosses,jVD7RV6f896,J8mw9rFkY4v,DxDuYrrZSa7
4d2fbf39-8d19-4e39-bde2-f21271ed2ec6,totalLosses,itXOGlGrJNP,J8mw9rFkY4v,DxDuYrrZSa7
bcfe588b-3451-42c6-a388-03b63128b530,totalLosses,G29c3GcpYme,J8mw9rFkY4v,DxDuYrrZSa7
8eb18654-8bdc-4331-b3a2-2dfeb8b28c18,totalLosses,hqopu4sxaeK,J8mw9rFkY4v,DxDuYrrZSa7
5f9c8eed-517d-46e0-b53b-9846531943cf,totalLosses,bwX3IqUoQHL,J8mw9rFkY4v,DxDuYrrZSa7
b38b055b-6282-4a74-9849-45675e4458e0,totalLosses,aNjbOSHxbpj,J8mw9rFkY4v,DxDuYrrZSa7
807871bc-52aa-4dd5-b51b-5ff1fe30ad30,totalLosses,I36TQdFr3x1,J8mw9rFkY4v,DxDuYrrZSa7
5ca657a6-00ac-4148-9164-7917b0999f89,totalLosses,JGEvWwlIloq,J8mw9rFkY4v,DxDuYrrZSa7
36cb3dd3-e539-4e14-87ca-ce25701f8a73,totalLosses,d55YUa4k7kH,J8mw9rFkY4v,DxDuYrrZSa7
94c43124-a790-4954-b2c5-f79ca2ca44b3,totalLosses,zo527TlEpbc,J8mw9rFkY4v,DxDuYrrZSa7
fa522936-b4f8-470f-8bf4-56192418b696,totalLosses,Hy09dFTtQ3v,J8mw9rFkY4v,DxDuYrrZSa7
63f27af8-87ba-4b5e-a159-dc238713a583,totalLosses,WmVRa7uAnOE,J8mw9rFkY4v,DxDuYrrZSa7
d54475ad-0baa-4cc6-8948-91d54e616cab,totalLosses,xAecDAa3k2M,J8mw9rFkY4v,DxDuYrrZSa7
b986466f-a443-4b7d-b39c-638146e5b871,totalLosses,rya1A1zHwT0,J8mw9rFkY4v,DxDuYrrZSa7
4b43dbb3-2875-459e-a085-4112a8343cd2,totalLosses,tfVZja6PU7c,J8mw9rFkY4v,DxDuYrrZSa7
99b856ec-ec37-4d41-9658-62d6665b06f5,totalLosses,WncTyD8NJ83,J8mw9rFkY4v,DxDuYrrZSa7
94c0a6db-91ea-404b-84bc-23aa8fc17e5c,totalLosses,Pnv4yZ5pxpn,J8mw9rFkY4v,DxDuYrrZSa7
453e8abd-d742-4019-b683-93d4d7d52c64,totalLosses,gwV5ZPxRbWX,J8mw9rFkY4v,DxDuYrrZSa7
adee5752-4bce-4675-8b7a-a1119738a8f1,totalLosses,jpdLlmeGHjg,J8mw9rFkY4v,DxDuYrrZSa7
0f93c177-fc95-494e-952e-fa9ac26fcd0b,totalLosses,w6PgRUkjqf0,J8mw9rFkY4v,DxDuYrrZSa7
9ae92320-5d74-489e-ab28-42e9f44ceed8,totalLosses,aYCoMwQ8pQb,J8mw9rFkY4v,DxDuYrrZSa7
fd179d0e-dcb5-4787-bee7-0f77769005f0,totalLosses,Agq5SafoONb,J8mw9rFkY4v,DxDuYrrZSa7
b0479ba6-22a0-465d-829a-eeccdb7f5f26,totalLosses,lpU2NxYSbPk,J8mw9rFkY4v,DxDuYrrZSa7
7709b45a-11af-4971-aef3-4adebd9bb9c6,totalLosses,CcwuRMIdthJ,J8mw9rFkY4v,DxDuYrrZSa7
ba168d23-ef14-4168-b209-82fb02d7ba92,totalLosses,ysKLQ9znmy0,J8mw9rFkY4v,DxDuYrrZSa7
8793c0b1-6756-446b-95a5-460d4d73fb16,totalLosses,TO4ID1NMp3o,J8mw9rFkY4v,DxDuYrrZSa7
d50243b4-c422-47c5-be34-2b09aefc3dd9,totalLosses,pCr02gNbL03,J8mw9rFkY4v,DxDuYrrZSa7
bb0c9374-0372-4e11-bff4-41f00dbe13c7,totalLosses,mjqjrXPtYUe,J8mw9rFkY4v,DxDuYrrZSa7
a6c129f3-9e83-4574-8374-b0e70aad17bf,totalLosses,piALFs9SNQA,J8mw9rFkY4v,DxDuYrrZSa7
b27c4f73-8409-4f67-ae66-f7bce1cd01c1,totalLosses,bJ8gKNv3oid,J8mw9rFkY4v,DxDuYrrZSa7
d1a00384-cb41-48b7-8e40-8446c986dc8e,totalLosses,T1S8fr4Iwy3,J8mw9rFkY4v,DxDuYrrZSa7
1b405d2a-70e0-4161-9d61-f2d9e4d97816,totalLosses,QXrmE1kM0Uw,J8mw9rFkY4v,DxDuYrrZSa7
cf486e84-3908-4dfb-94af-acbb518f6e14,totalLosses,cC5JcUHoFvs,J8mw9rFkY4v,DxDuYrrZSa7
05c8a7a3-8617-483f-9053-9ab490d02467,totalLosses,Len0nCJSwOi,J8mw9rFkY4v,DxDuYrrZSa7
cf633506-2079-4f35-9980-4e47d6d77313,totalLosses,eEXSdrocnTZ,J8mw9rFkY4v,DxDuYrrZSa7
b10c8747-52fe-44e9-8488-f417774e76df,totalLosses,PhJGX31GrzS,J8mw9rFkY4v,DxDuYrrZSa7
9ba82825-22b2-48f4-93d0-78c0e4dcb8eb,totalLosses,ND9NI4RgQhH,J8mw9rFkY4v,DxDuYrrZSa7
ddd0766c-2326-4e15-b597-308a44d5e5cf,totalLosses,JGTbGVIdbLa,J8mw9rFkY4v,DxDuYrrZSa7
8b0d3617-0054-477c-93e0-69c07160b710,totalLosses,NV1HJCMt15k,J8mw9rFkY4v,DxDuYrrZSa7
e6cb1c24-735e-43c8-9425-9e17a05d3afa,totalLosses,QM875lSOHMG,J8mw9rFkY4v,DxDuYrrZSa7
afa6a229-4383-4381-9fac-4cb297ad323e,totalLosses,txUucbxrp3i,J8mw9rFkY4v,DxDuYrrZSa7
b0479ba6-22a0-465d-829a-eeccdb7f5f26,totalLosses,NmmVtrJgvDl,J8mw9rFkY4v,DxDuYrrZSa7
b77b5ba9-1cb8-4060-b96c-b9d5ac84abb7,totalLosses,VIb4EV6bFPw,J8mw9rFkY4v,DxDuYrrZSa7
35d2de56-55b8-4b9f-ab7a-c7e44945a6cd,totalLosses,pb7Auhe3FCA,J8mw9rFkY4v,DxDuYrrZSa7
a8189a55-dd0b-45fc-acc6-e935df898110,totalLosses,rulOQHet835,J8mw9rFkY4v,DxDuYrrZSa7
07ddd033-ae4b-4445-b133-1d83a68f5f0d,totalLosses,vujdbHpXnxh,J8mw9rFkY4v,DxDuYrrZSa7
3e64a1a6-d69b-4f28-84fb-7168bd957923,totalLosses,J7ZNw87MSW0,J8mw9rFkY4v,DxDuYrrZSa7
31c9b395-30db-483a-8274-717ee88862fc,totalLosses,qYHj9qCW0qG,J8mw9rFkY4v,DxDuYrrZSa7
cf0da758-9d0d-492b-8ca2-bc95aad61049,totalLosses,EsgD17Pbytt,J8mw9rFkY4v,DxDuYrrZSa7
893ce509-2e68-4520-9351-76bfacbdf13a,totalLosses,jJD5Vi4bSoy,J8mw9rFkY4v,DxDuYrrZSa7
cae8b086-d96c-4c8c-8e87-0d3322dc9cf3,totalLosses,EFxWCVBtgyq,J8mw9rFkY4v,DxDuYrrZSa7
a8c17381-ff53-4c4c-9724-7e873247912f,totalLosses,soSNQPgOi8U,J8mw9rFkY4v,DxDuYrrZSa7
c3d06d33-8137-4970-93b3-ecef9f2deb95,totalLosses,oEOLpy7U05N,J8mw9rFkY4v,DxDuYrrZSa7
fd179d0e-dcb5-4787-bee7-0f77769005f0,totalLosses,KUSaRpSjLjJ,J8mw9rFkY4v,DxDuYrrZSa7
9fc1408c-46b3-4125-8f2e-15526f559ce2,totalLosses,l1bhrYUPsde,J8mw9rFkY4v,DxDuYrrZSa7
69f4c896-d62a-47ac-8a5d-110ee4b8a7fa,totalLosses,laQa8YfpVrp,J8mw9rFkY4v,DxDuYrrZSa7
5dc66657-39bd-459d-b9cd-1111338dc58b,totalLosses,BCXcLiQNI8M,J8mw9rFkY4v,DxDuYrrZSa7
40c54daa-a7a9-493f-9eff-0c4dd016c392,totalLosses,IisI6JudbS8,J8mw9rFkY4v,DxDuYrrZSa7
28d889b3-001e-4183-b75f-50bca4e1f094,totalLosses,uAWIVDnGPGH,J8mw9rFkY4v,DxDuYrrZSa7
4b5d845f-6642-4ddf-824d-66fbadd89bcb,totalLosses,hqqlXMmY95c,J8mw9rFkY4v,DxDuYrrZSa7
849bbed7-42c7-4e3f-997b-3120d879b291,totalLosses,MJrLCya7qzt,J8mw9rFkY4v,DxDuYrrZSa7
3926eebb-266a-4b00-bdbc-48030508c182,totalLosses,Hjlw6DpooIo,J8mw9rFkY4v,DxDuYrrZSa7
0df75062-68b1-4234-9d28-d903562a66bd,totalLosses,nnSKbBscmxH,J8mw9rFkY4v,DxDuYrrZSa7
cead0772-8c4d-4fea-a7bc-802fe5637706,totalLosses,vrTdwvAQSUc,J8mw9rFkY4v,DxDuYrrZSa7
e0370fac-2c42-47b2-b724-114ae4344904,totalLosses,fQfJhi742vt,J8mw9rFkY4v,DxDuYrrZSa7
27a2aeba-54e0-4a60-b9b5-a2ff4d994fcf,totalLosses,iFMn6ceqdIN,J8mw9rFkY4v,DxDuYrrZSa7
aa65c126-4c99-4f76-8aec-ff4814b44e80,totalLosses,bwUoJJgDst9,J8mw9rFkY4v,DxDuYrrZSa7
0a2e50f8-4f5a-4581-b1d2-b2b7dc087916,totalLosses,blfdHcia9nP,J8mw9rFkY4v,DxDuYrrZSa7
0df75062-68b1-4234-9d28-d903562a66bd,totalLosses,bqJvWJtJwtK,J8mw9rFkY4v,DxDuYrrZSa7
28d889b3-001e-4183-b75f-50bca4e1f094,totalLosses,DNZEo533IMh,J8mw9rFkY4v,DxDuYrrZSa7
f8de979f-673a-48c1-b32a-4fdc501be96e,totalLosses,LcjS6ASCqUb,J8mw9rFkY4v,DxDuYrrZSa7
875f8b31-f829-402e-916d-d01214f7945a,totalLosses,ZMcyV45XAkW,J8mw9rFkY4v,DxDuYrrZSa7
36162771-26fd-471c-b5d0-cab4fcfd17a1,totalLosses,gzPW3f2ijo5,J8mw9rFkY4v,DxDuYrrZSa7
f42f2d6e-d3da-4469-b56a-591b217a84cd,totalLosses,tmp1zLSXw0Q,J8mw9rFkY4v,DxDuYrrZSa7
af021dd7-c70d-4847-af04-57c19d1dd81d,totalLosses,jJUIodWQH0T,J8mw9rFkY4v,DxDuYrrZSa7
f70d12f7-1622-47c7-9cf7-bf2634059c3b,totalLosses,RYaAzE1eqya,J8mw9rFkY4v,DxDuYrrZSa7
d9f5a79a-2046-4865-873c-7161afa829d0,totalLosses,BfoCv6bUeBk,J8mw9rFkY4v,DxDuYrrZSa7
e465fccc-61e0-4a58-b0a6-5c7dd979e126,totalLosses,K8Yt0p1z21M,J8mw9rFkY4v,DxDuYrrZSa7
c5519235-6716-4442-a670-d0a0f890c772,closingBalance,jlRZE5tTARe,kOWsLrtvrhn,DxDuYrrZSa7
c0047dc9-0492-4e4b-913c-4dac916a6d75,closingBalance,bdy45DCTJLB,kOWsLrtvrhn,DxDuYrrZSa7
39b06b6c-9b22-4b35-b0c2-84ecd4a42cb3,closingBalance,Xt48UQAZppa,kOWsLrtvrhn,DxDuYrrZSa7
ffbbef24-e503-42c3-be4c-deb5de04a888,closingBalance,ccpDQ5umc0a,kOWsLrtvrhn,DxDuYrrZSa7
01265798-0853-4050-9510-8d8a15912cda,closingBalance,pScfYi2Qxop,kOWsLrtvrhn,DxDuYrrZSa7
9752ca3e-e103-4f6e-92d8-13151a9afc02,closingBalance,imqSmhfQTPN,kOWsLrtvrhn,DxDuYrrZSa7
b28ba608-2122-4c27-a29f-8500d06addaa,closingBalance,hgjnpRWXunB,kOWsLrtvrhn,DxDuYrrZSa7
ea3626a0-bfae-4825-a644-2572972c3c42,closingBalance,fHyOLs6mPEr,kOWsLrtvrhn,DxDuYrrZSa7
fe793304-82b8-4b1c-ad06-67c701425c58,closingBalance,FVJ2v5RgBgL,kOWsLrtvrhn,DxDuYrrZSa7
f9a1414e-0f16-4af5-9f93-2bd620d033f4,closingBalance,b0f8cOW1CFV,kOWsLrtvrhn,DxDuYrrZSa7
b79626ae-2f44-4d47-8732-d00c35fd78a8,closingBalance,c5nKAODeM8D,kOWsLrtvrhn,DxDuYrrZSa7
f156f92b-ebca-4838-ae6e-9e6227fa64ef,closingBalance,PLjvTAvttMR,kOWsLrtvrhn,DxDuYrrZSa7
c5bbd08f-32d1-4cac-90ef-db1fe0bee6a3,closingBalance,EwiHKw8P2xz,kOWsLrtvrhn,DxDuYrrZSa7
2961203c-485c-44e8-ab09-621331872294,closingBalance,S007ecRnpvZ,kOWsLrtvrhn,DxDuYrrZSa7
cfe9fefc-0f0d-4962-902e-24f2a3806114,closingBalance,cbuwM5uOq3O,kOWsLrtvrhn,DxDuYrrZSa7
6c118552-e18e-4c3c-bef2-eb5ad4de8838,closingBalance,eKHjiGzfBep,kOWsLrtvrhn,DxDuYrrZSa7
f747e43b-8f37-4063-b78c-a66daabc62a9,closingBalance,PlYGakAhqbk,kOWsLrtvrhn,DxDuYrrZSa7
0cc5934c-d942-4657-a939-4b7f78802047,closingBalance,vtqAD1gqMxx,kOWsLrtvrhn,DxDuYrrZSa7
2765ec14-f97a-41cc-9990-1279c98a262b,closingBalance,LQxR2T7YYVM,kOWsLrtvrhn,DxDuYrrZSa7
f42f2d6e-d3da-4469-b56a-591b217a84cd,closingBalance,jvFtLjaSC0R,kOWsLrtvrhn,DxDuYrrZSa7
f71803c5-69d0-429c-b22b-fe46635a39ca,closingBalance,xJuZlcxA1XG,kOWsLrtvrhn,DxDuYrrZSa7
09cf2c84-1459-42dd-874c-aa9918b81565,closingBalance,twpuhOg9Ira,kOWsLrtvrhn,DxDuYrrZSa7
f394a1d3-3cdf-456c-af41-471947d09e78,closingBalance,eKGFyjTBgP9,kOWsLrtvrhn,DxDuYrrZSa7
ea9cdeba-38d3-45be-a8f5-9245e2f7e91c,closingBalance,KfRIpuUPX2p,kOWsLrtvrhn,DxDuYrrZSa7
3a891538-d39c-4b3b-a745-e27021efdaaa,closingBalance,tctjQSqVB8P,kOWsLrtvrhn,DxDuYrrZSa7
33b5a6e1-9bb8-40e7-a1b3-12a2f129b664,closingBalance,RN0FYO4OS95,kOWsLrtvrhn,DxDuYrrZSa7
0086627d-55bf-4ac6-94e2-2cbf052a41fa,closingBalance,mJLlwex1JGF,kOWsLrtvrhn,DxDuYrrZSa7
0a3e1fae-d6e9-4c3f-b572-e4dfff9cdecb,closingBalance,vWAvCqLn24n,kOWsLrtvrhn,DxDuYrrZSa7
8a9b5050-cb9b-441d-8c30-1b48bbeb1d4a,closingBalance,b3kUbo6E2q6,kOWsLrtvrhn,DxDuYrrZSa7
75e005d0-ce90-4c20-9a63-be6c0faa203e,closingBalance,CT0tPGDsF4o,kOWsLrtvrhn,DxDuYrrZSa7
b1a4cc76-4008-49db-93a9-3714bb305df0,closingBalance,ko2FXhgnabh,kOWsLrtvrhn,DxDuYrrZSa7
50934dfc-67e8-4f13-9df3-72068f3e0ab8,closingBalance,lqPByIBN1Lp,kOWsLrtvrhn,DxDuYrrZSa7
41b2408f-11a5-4c90-83cc-ee383bea1323,closingBalance,mr8INFePj2q,kOWsLrtvrhn,DxDuYrrZSa7
a7cbf500-1622-4bf4-8e1f-d6e6eacd5db5,closingBalance,eGFtHZbwk31,kOWsLrtvrhn,DxDuYrrZSa7
f531a63f-0d6c-42f6-8bd0-f009eb960503,closingBalance,p0h84uAEXjx,kOWsLrtvrhn,DxDuYrrZSa7
c7f3ee06-901f-4548-b337-c072171d7be0,closingBalance,kwEcSIEbKoM,kOWsLrtvrhn,DxDuYrrZSa7
3dd102a7-de1d-4fbb-aad6-cdb834073835,closingBalance,AnPyYySP3jM,kOWsLrtvrhn,DxDuYrrZSa7
b4303d18-bcef-45eb-8bdc-db9126ccec37,closingBalance,YpzQA3Mw2xP,kOWsLrtvrhn,DxDuYrrZSa7
4640a020-e69d-4cb0-86bb-82865b8e581a,closingBalance,A9M1dZz7QUo,kOWsLrtvrhn,DxDuYrrZSa7
a8c17381-ff53-4c4c-9724-7e873247912f,closingBalance,e1XqFd3k4k5,kOWsLrtvrhn,DxDuYrrZSa7
c3d06d33-8137-4970-93b3-ecef9f2deb95,closingBalance,icQhXFWfTkG,kOWsLrtvrhn,DxDuYrrZSa7
69871d4a-987f-4ca1-a46e-9f1c255ae5d1,closingBalance,XuZzHmN5N1s,kOWsLrtvrhn,DxDuYrrZSa7
343b6097-8c7a-41b1-bb34-90012133333d,closingBalance,DbQPYffPSq0,kOWsLrtvrhn,DxDuYrrZSa7
ba0171b2-4be1-432f-a3e1-9f85ca07ed77,closingBalance,xL39i2CeSMb,kOWsLrtvrhn,DxDuYrrZSa7
94c2fd66-87cd-4502-800c-ef1c8efee08b,closingBalance,qyhrW0147iw,kOWsLrtvrhn,DxDuYrrZSa7
3530f49d-f22a-4c46-853b-9957d68a86ec,closingBalance,ACfUBNEFYQJ,kOWsLrtvrhn,DxDuYrrZSa7
aa00d1d4-94db-4425-8673-ded0d78344ff,closingBalance,KUUtDEVMGJw,kOWsLrtvrhn,DxDuYrrZSa7
a3e78491-17c9-4cc7-939b-363a338884fa,closingBalance,jbZZ3ZmeDjm,kOWsLrtvrhn,DxDuYrrZSa7
b4e59feb-bcce-4cc7-ac7e-787092a98516,closingBalance,Kdxu1xznK83,kOWsLrtvrhn,DxDuYrrZSa7
8180c0ce-a47a-4a4d-ba65-dc3673588f74,closingBalance,YjddPfs7Iy9,kOWsLrtvrhn,DxDuYrrZSa7
fa308958-46c9-4b19-966f-77feec67ee26,closingBalance,y1hl8uXNQJV,kOWsLrtvrhn,DxDuYrrZSa7
e3455161-dac9-4073-a919-2f72c229a15a,closingBalance,YgJ1xrW5POu,kOWsLrtvrhn,DxDuYrrZSa7
36c2ef29-dab5-4fdf-a605-fd8d8cd4d8a2,closingBalance,egb78G6VjCX,kOWsLrtvrhn,DxDuYrrZSa7
57472c1e-9ffc-4482-856d-92ada32f47e0,closingBalance,Ln4BoDbYTYZ,kOWsLrtvrhn,DxDuYrrZSa7
87ef365c-4e30-4aa0-8fd3-0f62dd4a316a,closingBalance,mAmwBlqomL5,kOWsLrtvrhn,DxDuYrrZSa7
826a194c-4f19-4281-a693-73874499f110,closingBalance,Y3S1cMb7X8O,kOWsLrtvrhn,DxDuYrrZSa7
05ad76c2-4ae0-46fa-90d5-6e5ffe8ef52c,closingBalance,V77IwDUVTB6,kOWsLrtvrhn,DxDuYrrZSa7
b2dc5794-5c4c-428e-a0a3-b6db2f9a32da,closingBalance,tIR2ajCyHGJ,kOWsLrtvrhn,DxDuYrrZSa7
afa6a229-4383-4381-9fac-4cb297ad323e,closingBalance,beb3zMCHnkD,kOWsLrtvrhn,DxDuYrrZSa7
e1051bba-37ec-4afe-b298-85c653b492e2,closingBalance,Mu6zoYBIRQy,kOWsLrtvrhn,DxDuYrrZSa7
cc9bea7e-8378-444f-ab93-460dd000c7dd,closingBalance,tzlokM7gPDX,kOWsLrtvrhn,DxDuYrrZSa7
495fc9b0-f647-4421-9401-47831c12a1d8,closingBalance,XYULRfqpFKi,kOWsLrtvrhn,DxDuYrrZSa7
4129df3a-cac8-404f-a71a-37649a7d5d30,closingBalance,yfchsDmHtMv,kOWsLrtvrhn,DxDuYrrZSa7
7c43ff47-8689-422f-a71d-68e2999ee5dc,closingBalance,uKwwGyVTrFn,kOWsLrtvrhn,DxDuYrrZSa7
fac46361-ab19-4be7-b201-142bec359e62,closingBalance,ruk3AKr0K8B,kOWsLrtvrhn,DxDuYrrZSa7
7893d9f8-fbe1-479e-9972-4e7e0c032a3e,closingBalance,TgPgAMLFfjR,kOWsLrtvrhn,DxDuYrrZSa7
f73905ba-a95c-4a97-bb68-bfd5ed2f3a53,closingBalance,XXCRWxSOAgA,kOWsLrtvrhn,DxDuYrrZSa7
f51295a7-c8dd-4b93-b4ce-a0042a3c101a,closingBalance,A4oK7ixDJTu,kOWsLrtvrhn,DxDuYrrZSa7
59e242ea-730f-4b2e-b24a-cffbea076990,closingBalance,d65je1MB2I0,kOWsLrtvrhn,DxDuYrrZSa7
aa65c126-4c99-4f76-8aec-ff4814b44e80,closingBalance,rsZ3hXUsNHC,kOWsLrtvrhn,DxDuYrrZSa7
0a2e50f8-4f5a-4581-b1d2-b2b7dc087916,closingBalance,WSCKjPzE6so,kOWsLrtvrhn,DxDuYrrZSa7
875f8b31-f829-402e-916d-d01214f7945a,closingBalance,k2ylMYExAqM,kOWsLrtvrhn,DxDuYrrZSa7
6afd7853-d9b0-40ff-ad5c-a7882689d6f3,closingBalance,lMFDy7llcep,kOWsLrtvrhn,DxDuYrrZSa7
db045b7a-d65b-448b-aac8-acb16f072d66,closingBalance,nNQnOhfEpiG,kOWsLrtvrhn,DxDuYrrZSa7
17c35f8b-9546-4666-b1f3-dd0418383de8,closingBalance,LVN5Lu5X0m1,kOWsLrtvrhn,DxDuYrrZSa7
bc4f1e3b-0904-4bd7-b5a9-f89689b64811,closingBalance,jVD7RV6f896,kOWsLrtvrhn,DxDuYrrZSa7
4d2fbf39-8d19-4e39-bde2-f21271ed2ec6,closingBalance,itXOGlGrJNP,kOWsLrtvrhn,DxDuYrrZSa7
bcfe588b-3451-42c6-a388-03b63128b530,closingBalance,G29c3GcpYme,kOWsLrtvrhn,DxDuYrrZSa7
8eb18654-8bdc-4331-b3a2-2dfeb8b28c18,closingBalance,hqopu4sxaeK,kOWsLrtvrhn,DxDuYrrZSa7
5f9c8eed-517d-46e0-b53b-9846531943cf,closingBalance,bwX3IqUoQHL,kOWsLrtvrhn,DxDuYrrZSa7
b38b055b-6282-4a74-9849-45675e4458e0,closingBalance,aNjbOSHxbpj,kOWsLrtvrhn,DxDuYrrZSa7
807871bc-52aa-4dd5-b51b-5ff1fe30ad30,closingBalance,I36TQdFr3x1,kOWsLrtvrhn,DxDuYrrZSa7
5ca657a6-00ac-4148-9164-7917b0999f89,closingBalance,JGEvWwlIloq,kOWsLrtvrhn,DxDuYrrZSa7
36cb3dd3-e539-4e14-87ca-ce25701f8a73,closingBalance,d55YUa4k7kH,kOWsLrtvrhn,DxDuYrrZSa7
94c43124-a790-4954-b2c5-f79ca2ca44b3,closingBalance,zo527TlEpbc,kOWsLrtvrhn,DxDuYrrZSa7
fa522936-b4f8-470f-8bf4-56192418b696,closingBalance,Hy09dFTtQ3v,kOWsLrtvrhn,DxDuYrrZSa7
63f27af8-87ba-4b5e-a159-dc238713a583,closingBalance,WmVRa7uAnOE,kOWsLrtvrhn,DxDuYrrZSa7
d54475ad-0baa-4cc6-8948-91d54e616cab,closingBalance,xAecDAa3k2M,kOWsLrtvrhn,DxDuYrrZSa7
b986466f-a443-4b7d-b39c-638146e5b871,closingBalance,rya1A1zHwT0,kOWsLrtvrhn,DxDuYrrZSa7
4b43dbb3-2875-459e-a085-4112a8343cd2,closingBalance,tfVZja6PU7c,kOWsLrtvrhn,DxDuYrrZSa7
99b856ec-ec37-4d41-9658-62d6665b06f5,closingBalance,WncTyD8NJ83,kOWsLrtvrhn,DxDuYrrZSa7
94c0a6db-91ea-404b-84bc-23aa8fc17e5c,closingBalance,Pnv4yZ5pxpn,kOWsLrtvrhn,DxDuYrrZSa7
453e8abd-d742-4019-b683-93d4d7d52c64,closingBalance,gwV5ZPxRbWX,kOWsLrtvrhn,DxDuYrrZSa7
adee5752-4bce-4675-8b7a-a1119738a8f1,closingBalance,jpdLlmeGHjg,kOWsLrtvrhn,DxDuYrrZSa7
0f93c177-fc95-494e-952e-fa9ac26fcd0b,closingBalance,w6PgRUkjqf0,kOWsLrtvrhn,DxDuYrrZSa7
9ae92320-5d74-489e-ab28-42e9f44ceed8,closingBalance,aYCoMwQ8pQb,kOWsLrtvrhn,DxDuYrrZSa7
fd179d0e-dcb5-4787-bee7-0f77769005f0,closingBalance,Agq5SafoONb,kOWsLrtvrhn,DxDuYrrZSa7
b0479ba6-22a0-465d-829a-eeccdb7f5f26,closingBalance,lpU2NxYSbPk,kOWsLrtvrhn,DxDuYrrZSa7
7709b45a-11af-4971-aef3-4adebd9bb9c6,closingBalance,CcwuRMIdthJ,kOWsLrtvrhn,DxDuYrrZSa7
ba168d23-ef14-4168-b209-82fb02d7ba92,closingBalance,ysKLQ9znmy0,kOWsLrtvrhn,DxDuYrrZSa7
8793c0b1-6756-446b-95a5-460d4d73fb16,closingBalance,TO4ID1NMp3o,kOWsLrtvrhn,DxDuYrrZSa7
d50243b4-c422-47c5-be34-2b09aefc3dd9,closingBalance,pCr02gNbL03,kOWsLrtvrhn,DxDuYrrZSa7
bb0c9374-0372-4e11-bff4-41f00dbe13c7,closingBalance,mjqjrXPtYUe,kOWsLrtvrhn,DxDuYrrZSa7
a6c129f3-9e83-4574-8374-b0e70aad17bf,closingBalance,piALFs9SNQA,kOWsLrtvrhn,DxDuYrrZSa7
b27c4f73-8409-4f67-ae66-f7bce1cd01c1,closingBalance,bJ8gKNv3oid,kOWsLrtvrhn,DxDuYrrZSa7
d1a00384-cb41-48b7-8e40-8446c986dc8e,closingBalance,T1S8fr4Iwy3,kOWsLrtvrhn,DxDuYrrZSa7
1b405d2a-70e0-4161-9d61-f2d9e4d97816,closingBalance,QXrmE1kM0Uw,kOWsLrtvrhn,DxDuYrrZSa7
cf486e84-3908-4dfb-94af-acbb518f6e14,closingBalance,cC5JcUHoFvs,kOWsLrtvrhn,DxDuYrrZSa7
05c8a7a3-8617-483f-9053-9ab490d02467,closingBalance,Len0nCJSwOi,kOWsLrtvrhn,DxDuYrrZSa7
cf633506-2079-4f35-9980-4e47d6d77313,closingBalance,eEXSdrocnTZ,kOWsLrtvrhn,DxDuYrrZSa7
b10c8747-52fe-44e9-8488-f417774e76df,closingBalance,PhJGX31GrzS,kOWsLrtvrhn,DxDuYrrZSa7
9ba82825-22b2-48f4-93d0-78c0e4dcb8eb,closingBalance,ND9NI4RgQhH,kOWsLrtvrhn,DxDuYrrZSa7
ddd0766c-2326-4e15-b597-308a44d5e5cf,closingBalance,JGTbGVIdbLa,kOWsLrtvrhn,DxDuYrrZSa7
8b0d3617-0054-477c-93e0-69c07160b710,closingBalance,NV1HJCMt15k,kOWsLrtvrhn,DxDuYrrZSa7
e6cb1c24-735e-43c8-9425-9e17a05d3afa,closingBalance,QM875lSOHMG,kOWsLrtvrhn,DxDuYrrZSa7
afa6a229-4383-4381-9fac-4cb297ad323e,closingBalance,txUucbxrp3i,kOWsLrtvrhn,DxDuYrrZSa7
b0479ba6-22a0-465d-829a-eeccdb7f5f26,closingBalance,NmmVtrJgvDl,kOWsLrtvrhn,DxDuYrrZSa7
b77b5ba9-1cb8-4060-b96c-b9d5ac84abb7,closingBalance,VIb4EV6bFPw,kOWsLrtvrhn,DxDuYrrZSa7
35d2de56-55b8-4b9f-ab7a-c7e44945a6cd,closingBalance,pb7Auhe3FCA,kOWsLrtvrhn,DxDuYrrZSa7
a8189a55-dd0b-45fc-acc6-e935df898110,closingBalance,rulOQHet835,kOWsLrtvrhn,DxDuYrrZSa7
07ddd033-ae4b-4445-b133-1d83a68f5f0d,closingBalance,vujdbHpXnxh,kOWsLrtvrhn,DxDuYrrZSa7
3e64a1a6-d69b-4f28-84fb-7168bd957923,closingBalance,J7ZNw87MSW0,kOWsLrtvrhn,DxDuYrrZSa7
31c9b395-30db-483a-8274-717ee88862fc,closingBalance,qYHj9qCW0qG,kOWsLrtvrhn,DxDuYrrZSa7
cf0da758-9d0d-492b-8ca2-bc95aad61049,closingBalance,EsgD17Pbytt,kOWsLrtvrhn,DxDuYrrZSa7
893ce509-2e68-4520-9351-76bfacbdf13a,closingBalance,jJD5Vi4bSoy,kOWsLrtvrhn,DxDuYrrZSa7
cae8b086-d96c-4c8c-8e87-0d3322dc9cf3,closingBalance,EFxWCVBtgyq,kOWsLrtvrhn,DxDuYrrZSa7
a8c17381-ff53-4c4c-9724-7e873247912f,closingBalance,soSNQPgOi8U,kOWsLrtvrhn,DxDuYrrZSa7
c3d06d33-8137-4970-93b3-ecef9f2deb95,closingBalance,oEOLpy7U05N,kOWsLrtvrhn,DxDuYrrZSa7
fd179d0e-dcb5-4787-bee7-0f77769005f0,closingBalance,KUSaRpSjLjJ,kOWsLrtvrhn,DxDuYrrZSa7
9fc1408c-46b3-4125-8f2e-15526f559ce2,closingBalance,l1bhrYUPsde,kOWsLrtvrhn,DxDuYrrZSa7
69f4c896-d62a-47ac-8a5d-110ee4b8a7fa,closingBalance,laQa8YfpVrp,kOWsLrtvrhn,DxDuYrrZSa7
5dc66657-39bd-459d-b9cd-1111338dc58b,closingBalance,BCXcLiQNI8M,kOWsLrtvrhn,DxDuYrrZSa7
40c54daa-a7a9-493f-9eff-0c4dd016c392,closingBalance,IisI6JudbS8,kOWsLrtvrhn,DxDuYrrZSa7
28d889b3-001e-4183-b75f-50bca4e1f094,closingBalance,uAWIVDnGPGH,kOWsLrtvrhn,DxDuYrrZSa7
4b5d845f-6642-4ddf-824d-66fbadd89bcb,closingBalance,hqqlXMmY95c,kOWsLrtvrhn,DxDuYrrZSa7
849bbed7-42c7-4e3f-997b-3120d879b291,closingBalance,MJrLCya7qzt,kOWsLrtvrhn,DxDuYrrZSa7
3926eebb-266a-4b00-bdbc-48030508c182,closingBalance,Hjlw6DpooIo,kOWsLrtvrhn,DxDuYrrZSa7
0df75062-68b1-4234-9d28-d903562a66bd,closingBalance,nnSKbBscmxH,kOWsLrtvrhn,DxDuYrrZSa7
cead0772-8c4d-4fea-a7bc-802fe5637706,closingBalance,vrTdwvAQSUc,kOWsLrtvrhn,DxDuYrrZSa7
e0370fac-2c42-47b2-b724-114ae4344904,closingBalance,fQfJhi742vt,kOWsLrtvrhn,DxDuYrrZSa7
27a2aeba-54e0-4a60-b9b5-a2ff4d994fcf,closingBalance,iFMn6ceqdIN,kOWsLrtvrhn,DxDuYrrZSa7
aa65c126-4c99-4f76-8aec-ff4814b44e80,closingBalance,bwUoJJgDst9,kOWsLrtvrhn,DxDuYrrZSa7
0a2e50f8-4f5a-4581-b1d2-b2b7dc087916,closingBalance,blfdHcia9nP,kOWsLrtvrhn,DxDuYrrZSa7
0df75062-68b1-4234-9d28-d903562a66bd,closingBalance,bqJvWJtJwtK,kOWsLrtvrhn,DxDuYrrZSa7
28d889b3-001e-4183-b75f-50bca4e1f094,closingBalance,DNZEo533IMh,kOWsLrtvrhn,DxDuYrrZSa7
f8de979f-673a-48c1-b32a-4fdc501be96e,closingBalance,LcjS6ASCqUb,kOWsLrtvrhn,DxDuYrrZSa7
875f8b31-f829-402e-916d-d01214f7945a,closingBalance,ZMcyV45XAkW,kOWsLrtvrhn,DxDuYrrZSa7
36162771-26fd-471c-b5d0-cab4fcfd17a1,closingBalance,gzPW3f2ijo5,kOWsLrtvrhn,DxDuYrrZSa7
f42f2d6e-d3da-4469-b56a-591b217a84cd,closingBalance,tmp1zLSXw0Q,kOWsLrtvrhn,DxDuYrrZSa7
af021dd7-c70d-4847-af04-57c19d1dd81d,closingBalance,jJUIodWQH0T,kOWsLrtvrhn,DxDuYrrZSa7
f70d12f7-1622-47c7-9cf7-bf2634059c3b,closingBalance,RYaAzE1eqya,kOWsLrtvrhn,DxDuYrrZSa7
d9f5a79a-2046-4865-873c-7161afa829d0,closingBalance,BfoCv6bUeBk,kOWsLrtvrhn,DxDuYrrZSa7
e465fccc-61e0-4a58-b0a6-5c7dd979e126,closingBalance,K8Yt0p1z21M,kOWsLrtvrhn,DxDuYrrZSa7
c5519235-6716-4442-a670-d0a0f890c772,stockoutDays,jlRZE5tTARe,XEN3ucCGa07,DxDuYrrZSa7
c0047dc9-0492-4e4b-913c-4dac916a6d75,stockoutDays,bdy45DCTJLB,XEN3ucCGa07,DxDuYrrZSa7
39b06b6c-9b22-4b35-b0c2-84ecd4a42cb3,stockoutDays,Xt48UQAZppa,XEN3ucCGa07,DxDuYrrZSa7
ffbbef24-e503-42c3-be4c-deb5de04a888,stockoutDays,ccpDQ5umc0a,XEN3ucCGa07,DxDuYrrZSa7
01265798-0853-4050-9510-8d8a15912cda,stockoutDays,pScfYi2Qxop,XEN3ucCGa07,DxDuYrrZSa7
9752ca3e-e103-4f6e-92d8-13151a9afc02,stockoutDays,imqSmhfQTPN,XEN3ucCGa07,DxDuYrrZSa7
b28ba608-2122-4c27-a29f-8500d06addaa,stockoutDays,hgjnpRWXunB,XEN3ucCGa07,DxDuYrrZSa7
ea3626a0-bfae-4825-a644-2572972c3c42,stockoutDays,fHyOLs6mPEr,XEN3ucCGa07,DxDuYrrZSa7
fe793304-82b8-4b1c-ad06-67c701425c58,stockoutDays,FVJ2v5RgBgL,XEN3ucCGa07,DxDuYrrZSa7
f9a1414e-0f16-4af5-9f93-2bd620d033f4,stockoutDays,b0f8cOW1CFV,XEN3ucCGa07,DxDuYrrZSa7
b79626ae-2f44-4d47-8732-d00c35fd78a8,stockoutDays,c5nKAODeM8D,XEN3ucCGa07,DxDuYrrZSa7
f156f92b-ebca-4838-ae6e-9e6227fa64ef,stockoutDays,PLjvTAvttMR,XEN3ucCGa07,DxDuYrrZSa7
c5bbd08f-32d1-4cac-90ef-db1fe0bee6a3,stockoutDays,EwiHKw8P2xz,XEN3ucCGa07,DxDuYrrZSa7
2961203c-485c-44e8-ab09-621331872294,stockoutDays,S007ecRnpvZ,XEN3ucCGa07,DxDuYrrZSa7
cfe9fefc-0f0d-4962-902e-24f2a3806114,stockoutDays,cbuwM5uOq3O,XEN3ucCGa07,DxDuYrrZSa7
6c118552-e18e-4c3c-bef2-eb5ad4de8838,stockoutDays,eKHjiGzfBep,XEN3ucCGa07,DxDuYrrZSa7
f747e43b-8f37-4063-b78c-a66daabc62a9,stockoutDays,PlYGakAhqbk,XEN3ucCGa07,DxDuYrrZSa7
0cc5934c-d942-4657-a939-4b7f78802047,stockoutDays,vtqAD1gqMxx,XEN3ucCGa07,DxDuYrrZSa7
2765ec14-f97a-41cc-9990-1279c98a262b,stockoutDays,LQxR2T7YYVM,XEN3ucCGa07,DxDuYrrZSa7
f42f2d6e-d3da-4469-b56a-591b217a84cd,stockoutDays,jvFtLjaSC0R,XEN3ucCGa07,DxDuYrrZSa7
f71803c5-69d0-429c-b22b-fe46635a39ca,stockoutDays,xJuZlcxA1XG,XEN3ucCGa07,DxDuYrrZSa7
09cf2c84-1459-42dd-874c-aa9918b81565,stockoutDays,twpuhOg9Ira,XEN3ucCGa07,DxDuYrrZSa7
f394a1d3-3cdf-456c-af41-471947d09e78,stockoutDays,eKGFyjTBgP9,XEN3ucCGa07,DxDuYrrZSa7
ea9cdeba-38d3-45be-a8f5-9245e2f7e91c,stockoutDays,KfRIpuUPX2p,XEN3ucCGa07,DxDuYrrZSa7
3a891538-d39c-4b3b-a745-e27021efdaaa,stockoutDays,tctjQSqVB8P,XEN3ucCGa07,DxDuYrrZSa7
33b5a6e1-9bb8-40e7-a1b3-12a2f129b664,stockoutDays,RN0FYO4OS95,XEN3ucCGa07,DxDuYrrZSa7
0086627d-55bf-4ac6-94e2-2cbf052a41fa,stockoutDays,mJLlwex1JGF,XEN3ucCGa07,DxDuYrrZSa7
0a3e1fae-d6e9-4c3f-b572-e4dfff9cdecb,stockoutDays,vWAvCqLn24n,XEN3ucCGa07,DxDuYrrZSa7
8a9b5050-cb9b-441d-8c30-1b48bbeb1d4a,stockoutDays,b3kUbo6E2q6,XEN3ucCGa07,DxDuYrrZSa7
75e005d0-ce90-4c20-9a63-be6c0faa203e,stockoutDays,CT0tPGDsF4o,XEN3ucCGa07,DxDuYrrZSa7
b1a4cc76-4008-49db-93a9-3714bb305df0,stockoutDays,ko2FXhgnabh,XEN3ucCGa07,DxDuYrrZSa7
50934dfc-67e8-4f13-9df3-72068f3e0ab8,stockoutDays,lqPByIBN1Lp,XEN3ucCGa07,DxDuYrrZSa7
41b2408f-11a5-4c90-83cc-ee383bea1323,stockoutDays,mr8INFePj2q,XEN3ucCGa07,DxDuYrrZSa7
a7cbf500-1622-4bf4-8e1f-d6e6eacd5db5,stockoutDays,eGFtHZbwk31,XEN3ucCGa07,DxDuYrrZSa7
f531a63f-0d6c-42f6-8bd0-f009eb960503,stockoutDays,p0h84uAEXjx,XEN3ucCGa07,DxDuYrrZSa7
c7f3ee06-901f-4548-b337-c072171d7be0,stockoutDays,kwEcSIEbKoM,XEN3ucCGa07,DxDuYrrZSa7
3dd102a7-de1d-4fbb-aad6-cdb834073835,stockoutDays,AnPyYySP3jM,XEN3ucCGa07,DxDuYrrZSa7
b4303d18-bcef-45eb-8bdc-db9126ccec37,stockoutDays,YpzQA3Mw2xP,XEN3ucCGa07,DxDuYrrZSa7
4640a020-e69d-4cb0-86bb-82865b8e581a,stockoutDays,A9M1dZz7QUo,XEN3ucCGa07,DxDuYrrZSa7
a8c17381-ff53-4c4c-9724-7e873247912f,stockoutDays,e1XqFd3k4k5,XEN3ucCGa07,DxDuYrrZSa7
c3d06d33-8137-4970-93b3-ecef9f2deb95,stockoutDays,icQhXFWfTkG,XEN3ucCGa07,DxDuYrrZSa7
69871d4a-987f-4ca1-a46e-9f1c255ae5d1,stockoutDays,XuZzHmN5N1s,XEN3ucCGa07,DxDuYrrZSa7
343b6097-8c7a-41b1-bb34-90012133333d,stockoutDays,DbQPYffPSq0,XEN3ucCGa07,DxDuYrrZSa7
ba0171b2-4be1-432f-a3e1-9f85ca07ed77,stockoutDays,xL39i2CeSMb,XEN3ucCGa07,DxDuYrrZSa7
94c2fd66-87cd-4502-800c-ef1c8efee08b,stockoutDays,qyhrW0147iw,XEN3ucCGa07,DxDuYrrZSa7
3530f49d-f22a-4c46-853b-9957d68a86ec,stockoutDays,ACfUBNEFYQJ,XEN3ucCGa07,DxDuYrrZSa7
aa00d1d4-94db-4425-8673-ded0d78344ff,stockoutDays,KUUtDEVMGJw,XEN3ucCGa07,DxDuYrrZSa7
a3e78491-17c9-4cc7-939b-363a338884fa,stockoutDays,jbZZ3ZmeDjm,XEN3ucCGa07,DxDuYrrZSa7
b4e59feb-bcce-4cc7-ac7e-787092a98516,stockoutDays,Kdxu1xznK83,XEN3ucCGa07,DxDuYrrZSa7
8180c0ce-a47a-4a4d-ba65-dc3673588f74,stockoutDays,YjddPfs7Iy9,XEN3ucCGa07,DxDuYrrZSa7
fa308958-46c9-4b19-966f-77feec67ee26,stockoutDays,y1hl8uXNQJV,XEN3ucCGa07,DxDuYrrZSa7
e3455161-dac9-4073-a919-2f72c229a15a,stockoutDays,YgJ1xrW5POu,XEN3ucCGa07,DxDuYrrZSa7
36c2ef29-dab5-4fdf-a605-fd8d8cd4d8a2,stockoutDays,egb78G6VjCX,XEN3ucCGa07,DxDuYrrZSa7
57472c1e-9ffc-4482-856d-92ada32f47e0,stockoutDays,Ln4BoDbYTYZ,XEN3ucCGa07,DxDuYrrZSa7
87ef365c-4e30-4aa0-8fd3-0f62dd4a316a,stockoutDays,mAmwBlqomL5,XEN3ucCGa07,DxDuYrrZSa7
826a194c-4f19-4281-a693-73874499f110,stockoutDays,Y3S1cMb7X8O,XEN3ucCGa07,DxDuYrrZSa7
05ad76c2-4ae0-46fa-90d5-6e5ffe8ef52c,stockoutDays,V77IwDUVTB6,XEN3ucCGa07,DxDuYrrZSa7
b2dc5794-5c4c-428e-a0a3-b6db2f9a32da,stockoutDays,tIR2ajCyHGJ,XEN3ucCGa07,DxDuYrrZSa7
afa6a229-4383-4381-9fac-4cb297ad323e,stockoutDays,beb3zMCHnkD,XEN3ucCGa07,DxDuYrrZSa7
e1051bba-37ec-4afe-b298-85c653b492e2,stockoutDays,Mu6zoYBIRQy,XEN3ucCGa07,DxDuYrrZSa7
cc9bea7e-8378-444f-ab93-460dd000c7dd,stockoutDays,tzlokM7gPDX,XEN3ucCGa07,DxDuYrrZSa7
495fc9b0-f647-4421-9401-47831c12a1d8,stockoutDays,XYULRfqpFKi,XEN3ucCGa07,DxDuYrrZSa7
4129df3a-cac8-404f-a71a-37649a7d5d30,stockoutDays,yfchsDmHtMv,XEN3ucCGa07,DxDuYrrZSa7
7c43ff47-8689-422f-a71d-68e2999ee5dc,stockoutDays,uKwwGyVTrFn,XEN3ucCGa07,DxDuYrrZSa7
fac46361-ab19-4be7-b201-142bec359e62,stockoutDays,ruk3AKr0K8B,XEN3ucCGa07,DxDuYrrZSa7
7893d9f8-fbe1-479e-9972-4e7e0c032a3e,stockoutDays,TgPgAMLFfjR,XEN3ucCGa07,DxDuYrrZSa7
f73905ba-a95c-4a97-bb68-bfd5ed2f3a53,stockoutDays,XXCRWxSOAgA,XEN3ucCGa07,DxDuYrrZSa7
f51295a7-c8dd-4b93-b4ce-a0042a3c101a,stockoutDays,A4oK7ixDJTu,XEN3ucCGa07,DxDuYrrZSa7
59e242ea-730f-4b2e-b24a-cffbea076990,stockoutDays,d65je1MB2I0,XEN3ucCGa07,DxDuYrrZSa7
aa65c126-4c99-4f76-8aec-ff4814b44e80,stockoutDays,rsZ3hXUsNHC,XEN3ucCGa07,DxDuYrrZSa7
0a2e50f8-4f5a-4581-b1d2-b2b7dc087916,stockoutDays,WSCKjPzE6so,XEN3ucCGa07,DxDuYrrZSa7
875f8b31-f829-402e-916d-d01214f7945a,stockoutDays,k2ylMYExAqM,XEN3ucCGa07,DxDuYrrZSa7
6afd7853-d9b0-40ff-ad5c-a7882689d6f3,stockoutDays,lMFDy7llcep,XEN3ucCGa07,DxDuYrrZSa7
db045b7a-d65b-448b-aac8-acb16f072d66,stockoutDays,nNQnOhfEpiG,XEN3ucCGa07,DxDuYrrZSa7
17c35f8b-9546-4666-b1f3-dd0418383de8,stockoutDays,LVN5Lu5X0m1,XEN3ucCGa07,DxDuYrrZSa7
bc4f1e3b-0904-4bd7-b5a9-f89689b64811,stockoutDays,jVD7RV6f896,XEN3ucCGa07,DxDuYrrZSa7
4d2fbf39-8d19-4e39-bde2-f21271ed2ec6,stockoutDays,itXOGlGrJNP,XEN3ucCGa07,DxDuYrrZSa7
bcfe588b-3451-42c6-a388-03b63128b530,stockoutDays,G29c3GcpYme,XEN3ucCGa07,DxDuYrrZSa7
8eb18654-8bdc-4331-b3a2-2dfeb8b28c18,stockoutDays,hqopu4sxaeK,XEN3ucCGa07,DxDuYrrZSa7
5f9c8eed-517d-46e0-b53b-9846531943cf,stockoutDays,bwX3IqUoQHL,XEN3ucCGa07,DxDuYrrZSa7
b38b055b-6282-4a74-9849-45675e4458e0,stockoutDays,aNjbOSHxbpj,XEN3ucCGa07,DxDuYrrZSa7
807871bc-52aa-4dd5-b51b-5ff1fe30ad30,stockoutDays,I36TQdFr3x1,XEN3ucCGa07,DxDuYrrZSa7
5ca657a6-00ac-4148-9164-7917b0999f89,stockoutDays,JGEvWwlIloq,XEN3ucCGa07,DxDuYrrZSa7
36cb3dd3-e539-4e14-87ca-ce25701f8a73,stockoutDays,d55YUa4k7kH,XEN3ucCGa07,DxDuYrrZSa7
94c43124-a790-4954-b2c5-f79ca2ca44b3,stockoutDays,zo527TlEpbc,XEN3ucCGa07,DxDuYrrZSa7
fa522936-b4f8-470f-8bf4-56192418b696,stockoutDays,Hy09dFTtQ3v,XEN3ucCGa07,DxDuYrrZSa7
63f27af8-87ba-4b5e-a159-dc238713a583,stockoutDays,WmVRa7uAnOE,XEN3ucCGa07,DxDuYrrZSa7
d54475ad-0baa-4cc6-8948-91d54e616cab,stockoutDays,xAecDAa3k2M,XEN3ucCGa07,DxDuYrrZSa7
b986466f-a443-4b7d-b39c-638146e5b871,stockoutDays,rya1A1zHwT0,XEN3ucCGa07,DxDuYrrZSa7
4b43dbb3-2875-459e-a085-4112a8343cd2,stockoutDays,tfVZja6PU7c,XEN3ucCGa07,DxDuYrrZSa7
99b856ec-ec37-4d41-9658-62d6665b06f5,stockoutDays,WncTyD8NJ83,XEN3ucCGa07,DxDuYrrZSa7
94c0a6db-91ea-404b-84bc-23aa8fc17e5c,stockoutDays,Pnv4yZ5pxpn,XEN3ucCGa07,DxDuYrrZSa7
453e8abd-d742-4019-b683-93d4d7d52c64,stockoutDays,gwV5ZPxRbWX,XEN3ucCGa07,DxDuYrrZSa7
adee5752-4bce-4675-8b7a-a1119738a8f1,stockoutDays,jpdLlmeGHjg,XEN3ucCGa07,DxDuYrrZSa7
0f93c177-fc95-494e-952e-fa9ac26fcd0b,stockoutDays,w6PgRUkjqf0,XEN3ucCGa07,DxDuYrrZSa7
9ae92320-5d74-489e-ab28-42e9f44ceed8,stockoutDays,aYCoMwQ8pQb,XEN3ucCGa07,DxDuYrrZSa7
fd179d0e-dcb5-4787-bee7-0f77769005f0,stockoutDays,Agq5SafoONb,XEN3ucCGa07,DxDuYrrZSa7
b0479ba6-22a0-465d-829a-eeccdb7f5f26,stockoutDays,lpU2NxYSbPk,XEN3ucCGa07,DxDuYrrZSa7
7709b45a-11af-4971-aef3-4adebd9bb9c6,stockoutDays,CcwuRMIdthJ,XEN3ucCGa07,DxDuYrrZSa7
ba168d23-ef14-4168-b209-82fb02d7ba92,stockoutDays,ysKLQ9znmy0,XEN3ucCGa07,DxDuYrrZSa7
8793c0b1-6756-446b-95a5-460d4d73fb16,stockoutDays,TO4ID1NMp3o,XEN3ucCGa07,DxDuYrrZSa7
d50243b4-c422-47c5-be34-2b09aefc3dd9,stockoutDays,pCr02gNbL03,XEN3ucCGa07,DxDuYrrZSa7
bb0c9374-0372-4e11-bff4-41f00dbe13c7,stockoutDays,mjqjrXPtYUe,XEN3ucCGa07,DxDuYrrZSa7
a6c129f3-9e83-4574-8374-b0e70aad17bf,stockoutDays,piALFs9SNQA,XEN3ucCGa07,DxDuYrrZSa7
b27c4f73-8409-4f67-ae66-f7bce1cd01c1,stockoutDays,bJ8gKNv3oid,XEN3ucCGa07,DxDuYrrZSa7
d1a00384-cb41-48b7-8e40-8446c986dc8e,stockoutDays,T1S8fr4Iwy3,XEN3ucCGa07,DxDuYrrZSa7
1b405d2a-70e0-4161-9d61-f2d9e4d97816,stockoutDays,QXrmE1kM0Uw,XEN3ucCGa07,DxDuYrrZSa7
cf486e84-3908-4dfb-94af-acbb518f6e14,stockoutDays,cC5JcUHoFvs,XEN3ucCGa07,DxDuYrrZSa7
05c8a7a3-8617-483f-9053-9ab490d02467,stockoutDays,Len0nCJSwOi,XEN3ucCGa07,DxDuYrrZSa7
cf633506-2079-4f35-9980-4e47d6d77313,stockoutDays,eEXSdrocnTZ,XEN3ucCGa07,DxDuYrrZSa7
b10c8747-52fe-44e9-8488-f417774e76df,stockoutDays,PhJGX31GrzS,XEN3ucCGa07,DxDuYrrZSa7
9ba82825-22b2-48f4-93d0-78c0e4dcb8eb,stockoutDays,ND9NI4RgQhH,XEN3ucCGa07,DxDuYrrZSa7
ddd0766c-2326-4e15-b597-308a44d5e5cf,stockoutDays,JGTbGVIdbLa,XEN3ucCGa07,DxDuYrrZSa7
8b0d3617-0054-477c-93e0-69c07160b710,stockoutDays,NV1HJCMt15k,XEN3ucCGa07,DxDuYrrZSa7
e6cb1c24-735e-43c8-9425-9e17a05d3afa,stockoutDays,QM875lSOHMG,XEN3ucCGa07,DxDuYrrZSa7
afa6a229-4383-4381-9fac-4cb297ad323e,stockoutDays,txUucbxrp3i,XEN3ucCGa07,DxDuYrrZSa7
b0479ba6-22a0-465d-829a-eeccdb7f5f26,stockoutDays,NmmVtrJgvDl,XEN3ucCGa07,DxDuYrrZSa7
b77b5ba9-1cb8-4060-b96c-b9d5ac84abb7,stockoutDays,VIb4EV6bFPw,XEN3ucCGa07,DxDuYrrZSa7
35d2de56-55b8-4b9f-ab7a-c7e44945a6cd,stockoutDays,pb7Auhe3FCA,XEN3ucCGa07,DxDuYrrZSa7
a8189a55-dd0b-45fc-acc6-e935df898110,stockoutDays,rulOQHet835,XEN3ucCGa07,DxDuYrrZSa7
07ddd033-ae4b-4445-b133-1d83a68f5f0d,stockoutDays,vujdbHpXnxh,XEN3ucCGa07,DxDuYrrZSa7
3e64a1a6-d69b-4f28-84fb-7168bd957923,stockoutDays,J7ZNw87MSW0,XEN3ucCGa07,DxDuYrrZSa7
31c9b395-30db-483a-8274-717ee88862fc,stockoutDays,qYHj9qCW0qG,XEN3ucCGa07,DxDuYrrZSa7
cf0da758-9d0d-492b-8ca2-bc95aad61049,stockoutDays,EsgD17Pbytt,XEN3ucCGa07,DxDuYrrZSa7
893ce509-2e68-4520-9351-76bfacbdf13a,stockoutDays,jJD5Vi4bSoy,XEN3ucCGa07,DxDuYrrZSa7
cae8b086-d96c-4c8c-8e87-0d3322dc9cf3,stockoutDays,EFxWCVBtgyq,XEN3ucCGa07,DxDuYrrZSa7
a8c17381-ff53-4c4c-9724-7e873247912f,stockoutDays,soSNQPgOi8U,XEN3ucCGa07,DxDuYrrZSa7
c3d06d33-8137-4970-93b3-ecef9f2deb95,stockoutDays,oEOLpy7U05N,XEN3ucCGa07,DxDuYrrZSa7
fd179d0e-dcb5-4787-bee7-0f77769005f0,stockoutDays,KUSaRpSjLjJ,XEN3ucCGa07,DxDuYrrZSa7
9fc1408c-46b3-4125-8f2e-15526f559ce2,stockoutDays,l1bhrYUPsde,XEN3ucCGa07,DxDuYrrZSa7
69f4c896-d62a-47ac-8a5d-110ee4b8a7fa,stockoutDays,laQa8YfpVrp,XEN3ucCGa07,DxDuYrrZSa7
5dc66657-39bd-459d-b9cd-1111338dc58b,stockoutDays,BCXcLiQNI8M,XEN3ucCGa07,DxDuYrrZSa7
40c54daa-a7a9-493f-9eff-0c4dd016c392,stockoutDays,IisI6JudbS8,XEN3ucCGa07,DxDuYrrZSa7
28d889b3-001e-4183-b75f-50bca4e1f094,stockoutDays,uAWIVDnGPGH,XEN3ucCGa07,DxDuYrrZSa7
4b5d845f-6642-4ddf-824d-66fbadd89bcb,stockoutDays,hqqlXMmY95c,XEN3ucCGa07,DxDuYrrZSa7
849bbed7-42c7-4e3f-997b-3120d879b291,stockoutDays,MJrLCya7qzt,XEN3ucCGa07,DxDuYrrZSa7
3926eebb-266a-4b00-bdbc-48030508c182,stockoutDays,Hjlw6DpooIo,XEN3ucCGa07,DxDuYrrZSa7
0df75062-68b1-4234-9d28-d903562a66bd,stockoutDays,nnSKbBscmxH,XEN3ucCGa07,DxDuYrrZSa7
cead0772-8c4d-4fea-a7bc-802fe5637706,stockoutDays,vrTdwvAQSUc,XEN3ucCGa07,DxDuYrrZSa7
e0370fac-2c42-47b2-b724-114ae4344904,stockoutDays,fQfJhi742vt,XEN3ucCGa07,DxDuYrrZSa7
27a2aeba-54e0-4a60-b9b5-a2ff4d994fcf,stockoutDays,iFMn6ceqdIN,XEN3ucCGa07,DxDuYrrZSa7
aa65c126-4c99-4f76-8aec-ff4814b44e80,stockoutDays,bwUoJJgDst9,XEN3ucCGa07,DxDuYrrZSa7
0a2e50f8-4f5a-4581-b1d2-b2b7dc087916,stockoutDays,blfdHcia9nP,XEN3ucCGa07,DxDuYrrZSa7
0df75062-68b1-4234-9d28-d903562a66bd,stockoutDays,bqJvWJtJwtK,XEN3ucCGa07,DxDuYrrZSa7
28d889b3-001e-4183-b75f-50bca4e1f094,stockoutDays,DNZEo533IMh,XEN3ucCGa07,DxDuYrrZSa7
f8de979f-673a-48c1-b32a-4fdc501be96e,stockoutDays,LcjS6ASCqUb,XEN3ucCGa07,DxDuYrrZSa7
875f8b31-f829-402e-916d-d01214f7945a,stockoutDays,ZMcyV45XAkW,XEN3ucCGa07,DxDuYrrZSa7
36162771-26fd-471c-b5d0-cab4fcfd17a1,stockoutDays,gzPW3f2ijo5,XEN3ucCGa07,DxDuYrrZSa7
f42f2d6e-d3da-4469-b56a-591b217a84cd,stockoutDays,tmp1zLSXw0Q,XEN3ucCGa07,DxDuYrrZSa7
af021dd7-c70d-4847-af04-57c19d1dd81d,stockoutDays,jJUIodWQH0T,XEN3ucCGa07,DxDuYrrZSa7
f70d12f7-1622-47c7-9cf7-bf2634059c3b,stockoutDays,RYaAzE1eqya,XEN3ucCGa07,DxDuYrrZSa7
d9f5a79a-2046-4865-873c-7161afa829d0,stockoutDays,BfoCv6bUeBk,XEN3ucCGa07,DxDuYrrZSa7
e465fccc-61e0-4a58-b0a6-5c7dd979e126,stockoutDays,K8Yt0p1z21M,XEN3ucCGa07,DxDuYrrZSa7
c5519235-6716-4442-a670-d0a0f890c772,adjustments,BuNHpvE2fEr,pGSfKOKL9s0,DxDuYrrZSa7
c0047dc9-0492-4e4b-913c-4dac916a6d75,adjustments,RPE8N0UZpdg,pGSfKOKL9s0,DxDuYrrZSa7
39b06b6c-9b22-4b35-b0c2-84ecd4a42cb3,adjustments,jokGP7OGiZ5,pGSfKOKL9s0,DxDuYrrZSa7
ffbbef24-e503-42c3-be4c-deb5de04a888,adjustments,dZNy8p5cZKT,pGSfKOKL9s0,DxDuYrrZSa7
01265798-0853-4050-9510-8d8a15912cda,adjustments,OYVsvv6fCja,pGSfKOKL9s0,DxDuYrrZSa7
9752ca3e-e103-4f6e-92d8-13151a9afc02,adjustments,PMuB7JCsLsg,pGSfKOKL9s0,DxDuYrrZSa7
b28ba608-2122-4c27-a29f-8500d06addaa,adjustments,Gq9Z3wvbcsa,pGSfKOKL9s0,DxDuYrrZSa7
ea3626a0-bfae-4825-a644-2572972c3c42,adjustments,E1Nfbx2upTn,pGSfKOKL9s0,DxDuYrrZSa7
fe793304-82b8-4b1c-ad06-67c701425c58,adjustments,JBUiL4Cykj6,pGSfKOKL9s0,DxDuYrrZSa7
f9a1414e-0f16-4af5-9f93-2bd620d033f4,adjustments,Iz0aHMkdkQL,pGSfKOKL9s0,DxDuYrrZSa7
b79626ae-2f44-4d47-8732-d00c35fd78a8,adjustments,OUSS5mSrz1x,pGSfKOKL9s0,DxDuYrrZSa7
f156f92b-ebca-4838-ae6e-9e6227fa64ef,adjustments,lKvN4sxgsIL,pGSfKOKL9s0,DxDuYrrZSa7
c5bbd08f-32d1-4cac-90ef-db1fe0bee6a3,adjustments,uW5PSD9hNBr,pGSfKOKL9s0,DxDuYrrZSa7
2961203c-485c-44e8-ab09-621331872294,adjustments,BVzmrRaTfcT,pGSfKOKL9s0,DxDuYrrZSa7
cfe9fefc-0f0d-4962-902e-24f2a3806114,adjustments,pbkiXu6bxQm,pGSfKOKL9s0,DxDuYrrZSa7
6c118552-e18e-4c3c-bef2-eb5ad4de8838,adjustments,vQQ4gYZ4ccT,pGSfKOKL9s0,DxDuYrrZSa7
f747e43b-8f37-4063-b78c-a66daabc62a9,adjustments,UAuoPAiQ1tG,pGSfKOKL9s0,DxDuYrrZSa7
0cc5934c-d942-4657-a939-4b7f78802047,adjustments,doMlZ2uA9kF,pGSfKOKL9s0,DxDuYrrZSa7
2765ec14-f97a-41cc-9990-1279c98a262b,adjustments,uY5xTFss9WR,pGSfKOKL9s0,DxDuYrrZSa7
f42f2d6e-d3da-4469-b56a-591b217a84cd,adjustments,BjW7mKV2Jb1,pGSfKOKL9s0,DxDuYrrZSa7
f71803c5-69d0-429c-b22b-fe46635a39ca,adjustments,AmVdC5QT4uC,pGSfKOKL9s0,DxDuYrrZSa7
09cf2c84-1459-42dd-874c-aa9918b81565,adjustments,fXovPcONRBg,pGSfKOKL9s0,DxDuYrrZSa7
f394a1d3-3cdf-456c-af41-471947d09e78,adjustments,Xjud4GZEAi1,pGSfKOKL9s0,DxDuYrrZSa7
ea9cdeba-38d3-45be-a8f5-9245e2f7e91c,adjustments,kzgkXM37MBc,pGSfKOKL9s0,DxDuYrrZSa7
3a891538-d39c-4b3b-a745-e27021efdaaa,adjustments,xcfTVWo2ClR,pGSfKOKL9s0,DxDuYrrZSa7
33b5a6e1-9bb8-40e7-a1b3-12a2f129b664,adjustments,aawQlnFSo82,pGSfKOKL9s0,DxDuYrrZSa7
0086627d-55bf-4ac6-94e2-2cbf052a41fa,adjustments,I3M9HL5qD1x,pGSfKOKL9s0,DxDuYrrZSa7
0a3e1fae-d6e9-4c3f-b572-e4dfff9cdecb,adjustments,yCvIUV8EDdK,pGSfKOKL9s0,DxDuYrrZSa7
8a9b5050-cb9b-441d-8c30-1b48bbeb1d4a,adjustments,AK4yFn7nQBW,pGSfKOKL9s0,DxDuYrrZSa7
75e005d0-ce90-4c20-9a63-be6c0faa203e,adjustments,PL9z8AWWalX,pGSfKOKL9s0,DxDuYrrZSa7
b1a4cc76-4008-49db-93a9-3714bb305df0,adjustments,mWUjAam7r3k,pGSfKOKL9s0,DxDuYrrZSa7
50934dfc-67e8-4f13-9df3-72068f3e0ab8,adjustments,Yxk9knvRXYA,pGSfKOKL9s0,DxDuYrrZSa7
41b2408f-11a5-4c90-83cc-ee383bea1323,adjustments,dFAsTfPbCQL,pGSfKOKL9s0,DxDuYrrZSa7
a7cbf500-1622-4bf4-8e1f-d6e6eacd5db5,adjustments,v0EXcvtvbKb,pGSfKOKL9s0,DxDuYrrZSa7
f531a63f-0d6c-42f6-8bd0-f009eb960503,adjustments,yEuMzPlCdnQ,pGSfKOKL9s0,DxDuYrrZSa7
c7f3ee06-901f-4548-b337-c072171d7be0,adjustments,VtzirxqdV2o,pGSfKOKL9s0,DxDuYrrZSa7
3dd102a7-de1d-4fbb-aad6-cdb834073835,adjustments,DhnqXoYtpIO,pGSfKOKL9s0,DxDuYrrZSa7
b4303d18-bcef-45eb-8bdc-db9126ccec37,adjustments,W6fRXb4t0Jq,pGSfKOKL9s0,DxDuYrrZSa7
4640a020-e69d-4cb0-86bb-82865b8e581a,adjustments,odMSILxIoZg,pGSfKOKL9s0,DxDuYrrZSa7
a8c17381-ff53-4c4c-9724-7e873247912f,adjustments,Q6ikeTbHqcI,pGSfKOKL9s0,DxDuYrrZSa7
c3d06d33-8137-4970-93b3-ecef9f2deb95,adjustments,v1SLJaQtnwK,pGSfKOKL9s0,DxDuYrrZSa7
69871d4a-987f-4ca1-a46e-9f1c255ae5d1,adjustments,YtS45I4WVKV,pGSfKOKL9s0,DxDuYrrZSa7
343b6097-8c7a-41b1-bb34-90012133333d,adjustments,Z5DYQVmIiEo,pGSfKOKL9s0,DxDuYrrZSa7
ba0171b2-4be1-432f-a3e1-9f85ca07ed77,adjustments,xA15uqcrW4C,pGSfKOKL9s0,DxDuYrrZSa7
94c2fd66-87cd-4502-800c-ef1c8efee08b,adjustments,QS1trqLDhAo,pGSfKOKL9s0,DxDuYrrZSa7
3530f49d-f22a-4c46-853b-9957d68a86ec,adjustments,Qs4cmgDkaR2,pGSfKOKL9s0,DxDuYrrZSa7
aa00d1d4-94db-4425-8673-ded0d78344ff,adjustments,cW6w4o59jlL,pGSfKOKL9s0,DxDuYrrZSa7
a3e78491-17c9-4cc7-939b-363a338884fa,adjustments,o2lSMo8NMxt,pGSfKOKL9s0,DxDuYrrZSa7
b4e59feb-bcce-4cc7-ac7e-787092a98516,adjustments,aE9rIN4166z,pGSfKOKL9s0,DxDuYrrZSa7
8180c0ce-a47a-4a4d-ba65-dc3673588f74,adjustments,eF7MzhPGaKC,pGSfKOKL9s0,DxDuYrrZSa7
fa308958-46c9-4b19-966f-77feec67ee26,adjustments,Yek1PAG4YCn,pGSfKOKL9s0,DxDuYrrZSa7
e3455161-dac9-4073-a919-2f72c229a15a,adjustments,uoVLHsqeumy,pGSfKOKL9s0,DxDuYrrZSa7
36c2ef29-dab5-4fdf-a605-fd8d8cd4d8a2,adjustments,ijkYQgD2itn,pGSfKOKL9s0,DxDuYrrZSa7
57472c1e-9ffc-4482-856d-92ada32f47e0,adjustments,R0zzZ4JSpTs,pGSfKOKL9s0,DxDuYrrZSa7
87ef365c-4e30-4aa0-8fd3-0f62dd4a316a,adjustments,lzQs1adTuHf,pGSfKOKL9s0,DxDuYrrZSa7
826a194c-4f19-4281-a693-73874499f110,adjustments,Ub7Gzrho8Z6,pGSfKOKL9s0,DxDuYrrZSa7
05ad76c2-4ae0-46fa-90d5-6e5ffe8ef52c,adjustments,Si5DdvZYEoL,pGSfKOKL9s0,DxDuYrrZSa7
b2dc5794-5c4c-428e-a0a3-b6db2f9a32da,adjustments,BQkeQcfl8Ja,pGSfKOKL9s0,DxDuYrrZSa7
afa6a229-4383-4381-9fac-4cb297ad323e,adjustments,bvDx8VuA3Gp,pGSfKOKL9s0,DxDuYrrZSa7
e1051bba-37ec-4afe-b298-85c653b492e2,adjustments,O4uxHg8FWio,pGSfKOKL9s0,DxDuYrrZSa7
cc9bea7e-8378-444f-ab93-460dd000c7dd,adjustments,m6hHMqR3ReG,pGSfKOKL9s0,DxDuYrrZSa7
495fc9b0-f647-4421-9401-47831c12a1d8,adjustments,yeBjV8aAqHL,pGSfKOKL9s0,DxDuYrrZSa7
4129df3a-cac8-404f-a71a-37649a7d5d30,adjustments,mDXTA9BxluF,pGSfKOKL9s0,DxDuYrrZSa7
7c43ff47-8689-422f-a71d-68e2999ee5dc,adjustments,cEHzfaTu21O,pGSfKOKL9s0,DxDuYrrZSa7
fac46361-ab19-4be7-b201-142bec359e62,adjustments,ZR6bFZL6UUO,pGSfKOKL9s0,DxDuYrrZSa7
7893d9f8-fbe1-479e-9972-4e7e0c032a3e,adjustments,AIu3D6ENHKG,pGSfKOKL9s0,DxDuYrrZSa7
f73905ba-a95c-4a97-bb68-bfd5ed2f3a53,adjustments,uBruYz8cC0w,pGSfKOKL9s0,DxDuYrrZSa7
f51295a7-c8dd-4b93-b4ce-a0042a3c101a,adjustments,p9LhtpAwm7r,pGSfKOKL9s0,DxDuYrrZSa7
59e242ea-730f-4b2e-b24a-cffbea076990,adjustments,E0zu4yflxc9,pGSfKOKL9s0,DxDuYrrZSa7
aa65c126-4c99-4f76-8aec-ff4814b44e80,adjustments,SxyaLFeVNA4,pGSfKOKL9s0,DxDuYrrZSa7
0a2e50f8-4f5a-4581-b1d2-b2b7dc087916,adjustments,Lrj6FnU7Y1W,pGSfKOKL9s0,DxDuYrrZSa7
875f8b31-f829-402e-916d-d01214f7945a,adjustments,FXcw6v0ekRf,pGSfKOKL9s0,DxDuYrrZSa7
6afd7853-d9b0-40ff-ad5c-a7882689d6f3,adjustments,IN4b3h0xznm,pGSfKOKL9s0,DxDuYrrZSa7
db045b7a-d65b-448b-aac8-acb16f072d66,adjustments,zca2JAfx5Kp,pGSfKOKL9s0,DxDuYrrZSa7
17c35f8b-9546-4666-b1f3-dd0418383de8,adjustments,EGTAVY8I8Z1,pGSfKOKL9s0,DxDuYrrZSa7
bc4f1e3b-0904-4bd7-b5a9-f89689b64811,adjustments,iXsRPDssLQ9,pGSfKOKL9s0,DxDuYrrZSa7
4d2fbf39-8d19-4e39-bde2-f21271ed2ec6,adjustments,SrylWJezgWz,pGSfKOKL9s0,DxDuYrrZSa7
bcfe588b-3451-42c6-a388-03b63128b530,adjustments,J3fr7lKYaad,pGSfKOKL9s0,DxDuYrrZSa7
8eb18654-8bdc-4331-b3a2-2dfeb8b28c18,adjustments,UURJqdg9g9m,pGSfKOKL9s0,DxDuYrrZSa7
5f9c8eed-517d-46e0-b53b-9846531943cf,adjustments,iYtXi53cte6,pGSfKOKL9s0,DxDuYrrZSa7
b38b055b-6282-4a74-9849-45675e4458e0,adjustments,GF89SUJXWTY,pGSfKOKL9s0,DxDuYrrZSa7
807871bc-52aa-4dd5-b51b-5ff1fe30ad30,adjustments,ftUhAzi72s0,pGSfKOKL9s0,DxDuYrrZSa7
5ca657a6-00ac-4148-9164-7917b0999f89,adjustments,TXSyfm7ARw4,pGSfKOKL9s0,DxDuYrrZSa7
36cb3dd3-e539-4e14-87ca-ce25701f8a73,adjustments,PPBVMMTuAva,pGSfKOKL9s0,DxDuYrrZSa7
94c43124-a790-4954-b2c5-f79ca2ca44b3,adjustments,WQZNB5KEASa,pGSfKOKL9s0,DxDuYrrZSa7
fa522936-b4f8-470f-8bf4-56192418b696,adjustments,IF7bBy73K4x,pGSfKOKL9s0,DxDuYrrZSa7
63f27af8-87ba-4b5e-a159-dc238713a583,adjustments,iTb44wF4HY7,pGSfKOKL9s0,DxDuYrrZSa7
d54475ad-0baa-4cc6-8948-91d54e616cab,adjustments,aHq6WNN4Eiz,pGSfKOKL9s0,DxDuYrrZSa7
b986466f-a443-4b7d-b39c-638146e5b871,adjustments,xKbxcEKs06G,pGSfKOKL9s0,DxDuYrrZSa7
4b43dbb3-2875-459e-a085-4112a8343cd2,adjustments,aXCRHgTGNcu,pGSfKOKL9s0,DxDuYrrZSa7
99b856ec-ec37-4d41-9658-62d6665b06f5,adjustments,QmOFuGqkKXa,pGSfKOKL9s0,DxDuYrrZSa7
94c0a6db-91ea-404b-84bc-23aa8fc17e5c,adjustments,L6Y1HrH60BY,pGSfKOKL9s0,DxDuYrrZSa7
453e8abd-d742-4019-b683-93d4d7d52c64,adjustments,zUFR10B4aDx,pGSfKOKL9s0,DxDuYrrZSa7
adee5752-4bce-4675-8b7a-a1119738a8f1,adjustments,fTp7Tr1CR1p,pGSfKOKL9s0,DxDuYrrZSa7
0f93c177-fc95-494e-952e-fa9ac26fcd0b,adjustments,YSoCeY3mgkb,pGSfKOKL9s0,DxDuYrrZSa7
9ae92320-5d74-489e-ab28-42e9f44ceed8,adjustments,orihAFQ4xPP,pGSfKOKL9s0,DxDuYrrZSa7
fd179d0e-dcb5-4787-bee7-0f77769005f0,adjustments,erc9p5o31KJ,pGSfKOKL9s0,DxDuYrrZSa7
b0479ba6-22a0-465d-829a-eeccdb7f5f26,adjustments,J1dvLiAYQKg,pGSfKOKL9s0,DxDuYrrZSa7
7709b45a-11af-4971-aef3-4adebd9bb9c6,adjustments,h9NBIaBIlc2,pGSfKOKL9s0,DxDuYrrZSa7
ba168d23-ef14-4168-b209-82fb02d7ba92,adjustments,wL0cWChaW4P,pGSfKOKL9s0,DxDuYrrZSa7
8793c0b1-6756-446b-95a5-460d4d73fb16,adjustments,J1KTCuUHJmF,pGSfKOKL9s0,DxDuYrrZSa7
d50243b4-c422-47c5-be34-2b09aefc3dd9,adjustments,ZYx6tKaxoMx,pGSfKOKL9s0,DxDuYrrZSa7
bb0c9374-0372-4e11-bff4-41f00dbe13c7,adjustments,OjIAVQn7Zwe,pGSfKOKL9s0,DxDuYrrZSa7
a6c129f3-9e83-4574-8374-b0e70aad17bf,adjustments,YDA7dKOcrgy,pGSfKOKL9s0,DxDuYrrZSa7
b27c4f73-8409-4f67-ae66-f7bce1cd01c1,adjustments,ZwmBWBTJEuP,pGSfKOKL9s0,DxDuYrrZSa7
d1a00384-cb41-48b7-8e40-8446c986dc8e,adjustments,p8vQwF0S0dX,pGSfKOKL9s0,DxDuYrrZSa7
1b405d2a-70e0-4161-9d61-f2d9e4d97816,adjustments,Lv7a03gSTYN,pGSfKOKL9s0,DxDuYrrZSa7
cf486e84-3908-4dfb-94af-acbb518f6e14,adjustments,iJZCLTXcuNS,pGSfKOKL9s0,DxDuYrrZSa7
05c8a7a3-8617-483f-9053-9ab490d02467,adjustments,kbIfreAyV9j,pGSfKOKL9s0,DxDuYrrZSa7
cf633506-2079-4f35-9980-4e47d6d77313,adjustments,Ho2SLk0M5mF,pGSfKOKL9s0,DxDuYrrZSa7
b10c8747-52fe-44e9-8488-f417774e76df,adjustments,v3912M8uyr9,pGSfKOKL9s0,DxDuYrrZSa7
9ba82825-22b2-48f4-93d0-78c0e4dcb8eb,adjustments,PmKpSKI5JZj,pGSfKOKL9s0,DxDuYrrZSa7
ddd0766c-2326-4e15-b597-308a44d5e5cf,adjustments,uyT9bzjhnJr,pGSfKOKL9s0,DxDuYrrZSa7
8b0d3617-0054-477c-93e0-69c07160b710,adjustments,uCBTUaly3h7,pGSfKOKL9s0,DxDuYrrZSa7
e6cb1c24-735e-43c8-9425-9e17a05d3afa,adjustments,hC0KCvbkvq6,pGSfKOKL9s0,DxDuYrrZSa7
afa6a229-4383-4381-9fac-4cb297ad323e,adjustments,bvDx8VuA3Gp,pGSfKOKL9s0,DxDuYrrZSa7
b0479ba6-22a0-465d-829a-eeccdb7f5f26,adjustments,J1dvLiAYQKg,pGSfKOKL9s0,DxDuYrrZSa7
b77b5ba9-1cb8-4060-b96c-b9d5ac84abb7,adjustments,y4yQe1pBohq,pGSfKOKL9s0,DxDuYrrZSa7
35d2de56-55b8-4b9f-ab7a-c7e44945a6cd,adjustments,rmc8755sayd,pGSfKOKL9s0,DxDuYrrZSa7
a8189a55-dd0b-45fc-acc6-e935df898110,adjustments,AR8Bxghqr4F,pGSfKOKL9s0,DxDuYrrZSa7
07ddd033-ae4b-4445-b133-1d83a68f5f0d,adjustments,rvzLbjshbFs,pGSfKOKL9s0,DxDuYrrZSa7
3e64a1a6-d69b-4f28-84fb-7168bd957923,adjustments,MEqsbhTwpVP,pGSfKOKL9s0,DxDuYrrZSa7
31c9b395-30db-483a-8274-717ee88862fc,adjustments,ck0uGVjPLCe,pGSfKOKL9s0,DxDuYrrZSa7
cf0da758-9d0d-492b-8ca2-bc95aad61049,adjustments,C1NblYEBVfh,pGSfKOKL9s0,DxDuYrrZSa7
893ce509-2e68-4520-9351-76bfacbdf13a,adjustments,TmqxGUtQ6Cp,pGSfKOKL9s0,DxDuYrrZSa7
cae8b086-d96c-4c8c-8e87-0d3322dc9cf3,adjustments,Ht6XskXXM39,pGSfKOKL9s0,DxDuYrrZSa7
a8c17381-ff53-4c4c-9724-7e873247912f,adjustments,Q6ikeTbHqcI,pGSfKOKL9s0,DxDuYrrZSa7
c3d06d33-8137-4970-93b3-ecef9f2deb95,adjustments,v1SLJaQtnwK,pGSfKOKL9s0,DxDuYrrZSa7
fd179d0e-dcb5-4787-bee7-0f77769005f0,adjustments,erc9p5o31KJ,pGSfKOKL9s0,DxDuYrrZSa7
9fc1408c-46b3-4125-8f2e-15526f559ce2,adjustments,VcI6UxYSqb7,pGSfKOKL9s0,DxDuYrrZSa7
69f4c896-d62a-47ac-8a5d-110ee4b8a7fa,adjustments,ln32rKUhVog,pGSfKOKL9s0,DxDuYrrZSa7
5dc66657-39bd-459d-b9cd-1111338dc58b,adjustments,KCfG0FCgGWU,pGSfKOKL9s0,DxDuYrrZSa7
40c54daa-a7a9-493f-9eff-0c4dd016c392,adjustments,EhguMRWyJjV,pGSfKOKL9s0,DxDuYrrZSa7
28d889b3-001e-4183-b75f-50bca4e1f094,adjustments,kd0elH7N75k,pGSfKOKL9s0,DxDuYrrZSa7
4b5d845f-6642-4ddf-824d-66fbadd89bcb,adjustments,llBBZ1VxhaY,pGSfKOKL9s0,DxDuYrrZSa7
849bbed7-42c7-4e3f-997b-3120d879b291,adjustments,qr4nc6wQ0nK,pGSfKOKL9s0,DxDuYrrZSa7
3926eebb-266a-4b00-bdbc-48030508c182,adjustments,DYoKTCw2Oqi,pGSfKOKL9s0,DxDuYrrZSa7
0df75062-68b1-4234-9d28-d903562a66bd,adjustments,XQLOXoInd3R,pGSfKOKL9s0,DxDuYrrZSa7
cead0772-8c4d-4fea-a7bc-802fe5637706,adjustments,pho7jci1XYc,pGSfKOKL9s0,DxDuYrrZSa7
e0370fac-2c42-47b2-b724-114ae4344904,adjustments,GqgVvEI7JaC,pGSfKOKL9s0,DxDuYrrZSa7
27a2aeba-54e0-4a60-b9b5-a2ff4d994fcf,adjustments,BhgOrHZVgdT,pGSfKOKL9s0,DxDuYrrZSa7
aa65c126-4c99-4f76-8aec-ff4814b44e80,adjustments,SxyaLFeVNA4,pGSfKOKL9s0,DxDuYrrZSa7
0a2e50f8-4f5a-4581-b1d2-b2b7dc087916,adjustments,Lrj6FnU7Y1W,pGSfKOKL9s0,DxDuYrrZSa7
0df75062-68b1-4234-9d28-d903562a66bd,adjustments,XQLOXoInd3R,pGSfKOKL9s0,DxDuYrrZSa7
28d889b3-001e-4183-b75f-50bca4e1f094,adjustments,kd0elH7N75k,pGSfKOKL9s0,DxDuYrrZSa7
f8de979f-673a-48c1-b32a-4fdc501be96e,adjustments,swG94QPUcKK,pGSfKOKL9s0,DxDuYrrZSa7
875f8b31-f829-402e-916d-d01214f7945a,adjustments,FXcw6v0ekRf,pGSfKOKL9s0,DxDuYrrZSa7
36162771-26fd-471c-b5d0-cab4fcfd17a1,adjustments,gN8mcPpAiiI,pGSfKOKL9s0,DxDuYrrZSa7
f42f2d6e-d3da-4469-b56a-591b217a84cd,adjustments,BjW7mKV2Jb1,pGSfKOKL9s0,DxDuYrrZSa7
af021dd7-c70d-4847-af04-57c19d1dd81d,adjustments,MAyhe30b20R,pGSfKOKL9s0,DxDuYrrZSa7
f70d12f7-1622-47c7-9cf7-bf2634059c3b,adjustments,ADvotRbZQxB,pGSfKOKL9s0,DxDuYrrZSa7
d9f5a79a-2046-4865-873c-7161afa829d0,adjustments,VsoGWlC8T9Q,pGSfKOKL9s0,DxDuYrrZSa7
e465fccc-61e0-4a58-b0a6-5c7dd979e126,adjustments,hllO2kXSuwM,pGSfKOKL9s0,DxDuYrrZSa7
